date,comm_net,noncomm_net,open_interest,comm_positions_long_all,comm_positions_short_all,noncomm_positions_long_all,noncomm_positions_short_all
1999-01-05,-1771,1338,2299,0,1771,1338,0
1999-01-12,-2169,1804,2559,0,2169,1804,0
1999-01-19,-1707,1167,2327,303,2010,1167,0
1999-01-26,-1706,1165,2324,303,2009,1165,0
1999-02-02,-1344,1164,2365,659,2003,1164,0
1999-02-09,-1695,1164,2607,510,2205,1164,0
1999-02-16,-1104,709,2404,743,1847,709,0
1999-02-23,-1105,709,2190,743,1848,709,0
1999-03-09,-245,0,2459,1440,1685,0,0
1999-04-20,-750,243,1731,360,1110,243,0
1999-04-27,-749,243,1548,360,1109,243,0
1999-05-04,-1054,375,1669,360,1414,375,0
1999-05-11,-2951,2470,3850,360,3311,2470,0
1999-05-18,-4352,4926,6989,360,4712,5426,500
1999-05-25,-1115,2605,5763,1764,2879,2605,0
1999-06-01,2369,0,4858,3770,1401,0,0
1999-06-08,2328,0,5341,4223,1895,0,0
1999-06-15,1684,0,3419,2489,805,0,0
1999-06-22,1253,0,3511,2489,1236,0,0
1999-06-29,1127,0,3530,2489,1362,0,0
1999-07-06,1256,0,3525,2485,1229,0,0
1999-07-13,1378,0,3640,2607,1229,0,0
1999-07-20,1368,-353,3744,2597,1229,0,353
1999-07-27,1568,-353,3761,2797,1229,0,353
1999-08-03,809,0,3626,2355,1546,0,0
1999-08-10,814,200,3626,2355,1541,200,0
1999-08-17,816,200,3627,2355,1539,200,0
1999-08-24,1453,200,3723,2912,1459,200,0
1999-08-31,2149,-268,3989,3409,1260,0,268
1999-09-07,1957,0,4083,3497,1540,0,0
1999-10-19,661,0,1337,1189,528,0,0
1999-10-26,654,-297,1463,1189,535,0,297
1999-11-02,646,-497,1452,1189,543,0,497
1999-11-09,246,200,1647,1189,943,200,0
1999-11-16,-137,200,1876,1189,1326,200,0
1999-11-23,-140,200,1605,1189,1329,200,0
1999-11-30,62,0,1423,1193,1131,0,0
1999-12-07,60,0,1598,1194,1134,0,0
1999-12-14,773,-520,1356,1127,354,0,520
1999-12-21,265,-247,1248,1032,767,0,247
1999-12-28,259,0,1247,1032,773,0,0
2000-01-04,-49,0,1398,1032,1081,0,0
2000-01-11,-43,0,1313,1037,1080,0,0
2000-01-18,-115,0,1255,965,1080,0,0
2000-01-25,95,0,1384,1122,1027,0,0
2000-02-01,1649,-1377,3835,2339,690,445,1822
2000-02-08,530,-369,2985,1939,1409,445,814
2000-02-15,659,-369,3096,2069,1410,445,814
2000-02-22,532,-369,2963,1942,1410,445,814
2000-02-29,941,-812,3050,2351,1410,0,812
2000-03-07,967,-824,3924,3226,2259,0,824
2000-04-04,992,-597,1989,1294,302,0,597
2003-11-11,-2000,1817,6305,1510,3510,3346,1529
2003-11-18,-3504,3039,7223,1353,4857,4332,1293
2003-11-25,-4334,3693,7996,1533,5867,4893,1200
2004-08-17,-3202,2890,9291,3850,7052,3624,734
2004-10-19,-4842,5649,15619,7668,12510,5649,0
2004-10-26,-6907,7518,17661,7448,14355,7652,134
2004-11-02,-6199,6978,17610,7497,13696,7752,774
2004-11-09,-6391,7027,17189,7076,13467,7684,657
2004-11-16,-7288,7785,17558,6706,13994,8322,537
2004-11-23,-7353,7776,17173,6213,13566,8275,499
2004-11-30,-7028,7198,17378,6338,13366,8206,1008
2004-12-07,-2590,3181,15589,8996,11586,4191,1010
2005-03-08,-6994,5933,11871,3852,10846,5933,0
2005-03-29,-6392,5392,10026,2303,8695,6097,705
2005-04-05,-6286,5352,9820,2167,8453,6057,705
2005-08-16,-4895,4581,9004,3125,8020,4581,0
2005-08-30,-4943,4877,9410,3252,8195,4877,0
2005-09-06,-5559,5251,9596,3051,8610,5251,0
2005-09-13,-6022,5465,11677,4488,10510,5465,0
2005-10-11,-5356,5084,9438,2499,7855,5592,508
2005-10-18,-6068,5700,10099,2353,8421,6208,508
2005-12-06,-7651,6711,12187,2485,10136,7606,895
2005-12-13,-6544,6007,13233,4220,10764,6980,973
2005-12-27,-4860,4441,10731,3366,8226,6328,1887
2006-01-03,-4783,4837,12189,3074,7857,8158,3321
2006-01-10,-3528,3744,13013,3100,6628,8659,4915
2006-01-17,-5096,4827,15026,3060,8156,10337,5510
2006-01-24,-3826,3849,15046,4182,8008,9589,5740
2006-01-31,-3672,3774,15684,5027,8699,9361,5587
2006-02-07,-4111,4101,15200,4838,8949,9120,5019
2006-02-14,-4238,4011,11225,5033,9271,4622,611
2006-02-21,-3571,3623,14603,8017,11588,5109,1486
2006-02-28,-2525,2900,14476,8838,11363,4273,1373
2006-03-07,-1893,2846,17982,12566,14459,4364,1518
2006-03-14,-1663,2603,10702,5389,7052,4349,1746
2006-03-21,-1528,1737,11380,5968,7496,3661,1924
2006-03-28,-622,899,12247,7058,7680,3229,2330
2006-04-04,-376,388,12473,7488,7864,3002,2614
2006-04-11,-2353,2336,12412,7192,9545,3587,1251
2006-04-18,-4088,4472,13154,6320,10408,5272,800
2006-04-25,-4324,4808,12171,4974,9298,5718,910
2006-05-02,-5672,6203,12204,4245,9917,6517,314
2006-05-09,-6122,6886,13736,5278,11400,7284,398
2006-05-16,-6819,7366,14193,5136,11955,7867,501
2006-05-23,-6445,7267,14325,5595,12040,7483,216
2006-05-30,-2343,2828,13244,4459,6802,7614,4786
2006-06-06,-1864,2158,13175,5126,6990,6910,4752
2006-06-13,-2556,2313,22546,13997,16553,7030,4717
2006-07-11,615,-943,14081,8115,7500,4329,5272
2006-07-18,-3440,3568,14948,6189,9629,7204,3636
2006-07-25,-5696,5445,16341,5799,11495,9103,3658
2006-08-01,-8633,8203,18160,5581,14214,10955,2752
2006-08-08,-7674,6945,17327,6233,13907,9468,2523
2006-08-15,-14208,13262,19536,4216,18424,13438,176
2006-08-22,-12658,11491,19886,6022,18680,11787,296
2006-08-29,-11717,10516,18099,5375,17092,10687,171
2006-09-05,-12388,11043,18852,5518,17906,11218,175
2006-09-12,-10172,9511,19320,7865,18037,9750,239
2006-09-19,-13650,12882,17608,2568,16218,13350,468
2006-09-26,-14010,12673,17727,2272,16282,13141,468
2006-10-03,-8530,7775,13426,3043,11573,8391,616
2006-10-10,-11000,10109,15750,2392,13392,11656,1547
2006-10-17,-14730,13802,19759,2503,17233,15075,1273
2006-10-24,-15986,15235,21403,2831,18817,16443,1208
2006-10-31,-13208,12257,18440,2838,16046,13531,1274
2006-11-07,-15115,13919,18916,2362,17477,14371,452
2006-11-14,-11048,10295,15514,2945,13993,10747,452
2006-11-21,-13899,12846,17654,2201,16100,13298,452
2006-11-28,-14268,12923,18078,2259,16527,13682,759
2006-12-05,-15650,14470,19768,2057,17707,15427,957
2006-12-12,-17693,16567,22265,2634,20327,17432,865
2006-12-19,-18968,17889,22440,1690,20658,19129,1240
2006-12-26,-18783,17589,21961,1785,20568,18350,761
2007-01-03,-19217,18352,22855,1894,21111,19054,702
2007-01-09,-15504,14618,20440,3300,18804,15283,665
2007-01-16,-14256,13401,19988,4173,18429,14032,631
2007-01-23,-11684,10195,18687,4745,16429,11450,1255
2007-01-30,-8924,8121,18000,7489,16413,8758,637
2007-02-06,-11064,10121,18326,5773,16837,10592,471
2007-02-13,-13329,12473,19219,4378,17707,12894,421
2007-02-20,-17078,15868,21969,3363,20441,16240,372
2007-02-27,-17601,16506,22779,3423,21024,16798,292
2007-03-06,-14772,14289,21159,4468,19240,14404,115
2007-03-13,-15209,14762,23442,6233,21442,15091,329
2007-03-20,-18726,18856,23099,1806,20532,19735,879
2007-03-27,-22507,22788,27611,2017,24524,23824,1036
2007-04-03,-22529,22525,27025,1912,24441,23361,836
2007-04-10,-20919,20067,25383,1916,22835,21068,1001
2007-04-17,-24220,23097,28672,1772,25992,24198,1101
2007-04-24,-22505,21103,28091,2184,24689,22801,1698
2007-05-01,-18793,17523,25253,3592,22385,18777,1254
2007-05-08,-16683,15255,23617,4251,20934,16416,1161
2007-05-15,-20364,19239,26331,3430,23794,20095,856
2007-05-22,-16897,15807,24381,5054,21951,16607,800
2007-05-29,-15932,14911,23796,5598,21530,15707,796
2007-06-05,-20993,19918,27528,3823,24816,21210,1292
2007-06-12,-27592,26396,55629,24618,52210,27973,1577
2007-06-19,-25322,24316,41113,11530,36852,26386,2070
2007-06-26,-25610,23874,41393,11141,36751,26627,2753
2007-07-03,-24775,22894,41316,11608,36383,25511,2617
2007-07-10,-24553,23250,41167,12028,36581,25480,2230
2007-07-17,-25856,24386,43212,13151,39007,26292,1906
2007-07-24,-28884,27844,46589,13182,42066,30047,2203
2007-07-31,-15002,14264,32233,14162,29164,15457,1193
2007-08-07,-17439,16660,32616,12560,29999,17778,1118
2007-08-14,-15202,14037,31708,12769,27971,16345,2308
2007-08-21,-9742,8885,29542,15189,24931,11912,3027
2007-08-28,-3875,3825,29236,18194,22069,8429,4604
2007-09-04,-7055,6343,29416,16277,23332,10850,4507
2007-09-11,-10242,9674,33398,16920,27162,14013,4339
2007-09-18,-11789,11172,19015,2553,14342,14444,3272
2007-09-25,-13742,12722,21124,2731,16473,15904,3182
2007-10-02,-19824,18494,25717,2203,22027,20974,2480
2007-10-09,-23316,21085,29258,2245,25561,24238,3153
2007-10-16,-23153,22385,30684,2407,25560,25591,3206
2007-10-23,-20925,19451,30493,3410,24335,23802,4351
2007-10-30,-16531,14668,26253,4134,20665,19101,4433
2007-11-06,-15490,13381,25305,4058,19548,17935,4554
2007-11-13,-12196,10423,24117,5785,17981,15369,4946
2007-11-20,-9072,7054,23219,8312,17384,12132,5078
2007-11-27,-8331,6859,22618,8489,16820,11672,4813
2007-12-04,-12537,10999,22019,5486,18023,14124,3125
2007-12-11,-13097,11341,27458,9286,22383,14047,2706
2007-12-18,-12791,9626,19080,3200,15991,12556,2930
2007-12-24,-13628,12247,20826,4190,17818,14098,1851
2007-12-31,-15636,13965,21344,2819,18455,16237,2272
2008-01-08,-15542,13503,21286,3471,19013,14848,1345
2008-01-15,-18062,15749,22467,2458,20520,16969,1220
2008-01-22,-12821,11455,21818,4692,17513,14406,2951
2008-01-29,-12169,10722,20854,4779,16948,13429,2707
2008-02-05,-16706,14789,23061,3859,20565,16150,1361
2008-02-12,-18002,15979,24074,3637,21639,17294,1315
2008-02-19,-17037,15127,24663,4796,21833,16735,1608
2008-02-26,-17726,15533,25565,5250,22976,16954,1421
2008-03-04,-15479,13631,24541,6646,22125,14988,1357
2008-03-11,-14170,12396,25732,9553,23723,13379,983
2008-03-18,-12092,10378,17754,2196,14288,12921,2543
2008-03-25,-11139,9451,18330,3298,14437,12476,3025
2008-04-01,-8902,7454,19790,5292,14194,11600,4146
2008-04-08,-9923,8372,20951,5647,15570,12412,4040
2008-04-15,-8164,6594,22254,7812,15976,12015,5421
2008-04-22,-9451,7894,23365,7844,17295,12726,4832
2008-04-29,-7111,5489,23624,10420,17531,10798,5309
2008-05-06,-8299,6337,23946,9248,17547,11449,5112
2008-05-13,-4962,3444,30377,16377,21339,11193,7749
2008-05-20,-5509,4541,30921,16327,21836,12274,7733
2008-05-27,-5996,4964,32124,16861,22857,12903,7939
2008-06-03,-2227,6328,32954,16523,18750,13965,7637
2008-06-10,393,3200,36876,22045,21652,11677,8477
2008-06-17,-5156,1566,25095,8943,14099,10806,9240
2008-06-24,-3240,2650,25319,11244,14484,11543,8893
2008-07-01,-4593,3166,26855,12034,16627,11988,8822
2008-07-08,-4513,2141,30523,14092,18605,12212,10071
2008-07-15,-6368,5327,29068,12655,19023,13581,8254
2008-07-22,-6202,4984,27932,11894,18096,13384,8400
2008-07-29,-2449,1584,28995,14667,17116,11649,10065
2008-08-05,1090,-1381,32162,17983,16893,11583,12964
2008-08-12,1531,-1451,31708,18802,17271,10639,12090
2008-08-19,1430,-597,28137,15206,13776,10267,10864
2008-08-26,3018,-463,26713,15871,12853,9849,10312
2008-09-02,3549,-1814,26943,16856,13307,9365,11179
2008-09-09,4671,-2950,28411,18656,13985,8773,11723
2008-09-16,6171,-3900,19338,10869,4698,7744,11644
2008-09-23,6951,-4586,22337,16676,9725,4418,9004
2008-09-30,6398,-4781,18911,13508,7110,4552,9333
2008-10-07,5717,-4478,19057,13310,7593,4533,9011
2008-10-14,5001,-4560,18508,14791,9790,2366,6926
2008-10-21,5122,-4171,18222,14609,9487,2317,6488
2008-10-28,3402,-2447,18412,14334,10932,2897,5344
2008-11-04,1853,-932,18501,14230,12377,2907,3839
2008-11-11,2219,-1366,19041,14668,12449,2878,4244
2008-11-18,2387,-1641,18864,15006,12619,2607,4248
2008-11-25,2425,-2378,19099,15190,12765,2432,4810
2008-12-02,2958,-2562,19050,15424,12466,2266,4828
2008-12-09,3532,-2293,19891,15024,11492,2231,4524
2008-12-16,-30,-1535,9130,4041,4071,2060,3595
2008-12-22,-370,-1200,8905,3904,4274,2063,3263
2008-12-30,-115,-1009,9033,4152,4267,2360,3369
2009-01-06,-1337,248,9970,4080,5417,3286,3038
2009-01-13,-866,-193,9998,3936,4802,3416,3609
2009-01-20,1212,-1937,9714,4972,3760,2059,3996
2009-01-27,3458,-4297,10782,6268,2810,1802,6099
2009-02-03,5077,-5978,12945,7879,2802,1638,7616
2009-02-10,3915,-4339,12701,7737,3822,2184,6523
2009-02-17,4116,-4582,12828,7787,3671,2286,6868
2009-02-24,5235,-5930,13690,8832,3597,2161,8091
2009-03-03,6548,-6768,15870,11336,4788,2139,8907
2009-03-10,7339,-7979,17991,13231,5892,2116,10095
2009-03-17,4121,-6080,15548,8978,4857,2872,8952
2009-03-24,754,-2885,15198,8146,7392,3383,6268
2009-03-31,-1361,-939,14124,6778,8139,3583,4522
2009-04-07,-5518,2968,13704,5388,10906,4359,1391
2009-04-14,-4537,4360,15202,8449,12986,5362,1002
2009-04-21,-2969,3505,13843,8161,11130,4538,1033
2009-04-28,-3499,3648,14095,7800,11299,4855,1207
2009-05-05,-3964,3809,13993,7889,11853,4658,849
2009-05-12,-7296,6258,16914,7898,15194,7031,773
2009-05-19,-8182,6819,19239,9172,17354,7841,1022
2009-05-26,-14085,12532,24755,8991,23076,13351,819
2009-06-02,-15822,14132,27273,9349,25171,15297,1165
2009-06-09,-16331,14773,34760,16667,32998,15712,939
2009-06-16,-17050,15460,20666,2081,19131,16325,865
2009-06-23,-18240,16956,22606,2554,20794,17977,1021
2009-06-30,-18633,17683,23742,2886,21519,18679,996
2009-07-07,-16335,15357,21694,3178,19513,16391,1034
2009-07-14,-15903,14969,22089,4042,19945,15990,1021
2009-07-21,-17506,16183,21987,2591,20097,16959,776
2009-07-28,-19220,17567,22692,2220,21440,17990,423
2009-08-04,-20029,18200,23883,2134,22163,18975,775
2009-08-11,-20649,18811,25034,2351,23000,19896,1085
2009-08-18,-19310,17436,24783,3647,22957,18515,1079
2009-08-25,-20661,18649,25735,3074,23735,19835,1186
2009-09-01,-19492,17664,26059,4734,24226,18602,938
2009-09-08,-20408,18123,29859,7950,28358,18988,865
2009-09-15,-21061,18995,23371,131,21192,20206,1211
2009-09-22,-20565,18645,23603,442,21007,19874,1229
2009-09-29,-19845,17503,23776,1342,21187,19045,1542
2009-10-06,-20022,18093,24851,2190,22212,19606,1513
2009-10-13,-20179,17630,24376,1528,21707,19432,1802
2009-10-20,-19720,17158,24862,1880,21600,19531,2373
2009-10-27,-16952,15028,24230,3100,20052,17613,2585
2009-11-03,-15099,13316,21898,3208,18307,15802,2486
2009-11-09,-12720,11255,21106,3476,16196,14709,3454
2009-11-17,-14607,12674,21639,2819,17426,15676,3002
2009-11-24,-13338,11584,21639,3604,16942,15130,3546
2009-12-01,-9637,8103,22778,5906,15543,13729,5626
2009-12-08,-8687,7795,23110,7465,16152,12583,4788
2009-12-15,-10626,9452,18647,1598,12224,14235,4783
2009-12-22,-10681,9746,19372,1705,12386,15164,5418
2009-12-29,-10576,8805,18893,2028,12604,13872,5067
2010-01-05,-15033,12973,23053,1457,16490,18106,5133
2010-01-12,-17614,15683,25732,1196,18810,21417,5734
2010-01-19,-18446,16356,26917,1218,19664,22397,6041
2010-01-26,-9868,8471,21440,2762,12630,16005,7534
2010-02-02,-6179,5383,21312,3659,9838,15251,9868
2010-02-09,-4746,4723,20171,3988,8734,14359,9636
2010-02-16,-6986,7435,19679,3380,10366,14523,7088
2010-02-23,-6547,6392,20201,3676,10223,14641,8249
2010-03-02,-5593,5112,20158,4085,9678,13715,8603
2010-03-09,-4253,3247,21863,7237,11490,11964,8717
2010-03-16,-4143,2809,15638,1827,5970,11334,8525
2010-03-23,-6861,5489,17599,1294,8155,13621,8132
2010-03-30,-7939,5806,17143,1073,9012,13049,7243
2010-04-06,-6958,5503,16221,606,7564,12836,7333
2010-04-13,-9102,7151,17540,657,9759,13771,6620
2010-04-20,-10263,8752,17911,508,10771,14497,5745
2010-04-27,-14701,12909,21797,1118,15819,17554,4645
2010-05-04,-16947,14976,23312,888,17835,18961,3985
2010-05-11,-18599,16892,24215,902,19501,20428,3536
2010-05-18,-13110,12553,21357,2171,15281,16740,4187
2010-05-25,-6744,7662,17760,5345,12089,11342,3680
2010-06-01,-1882,2204,15586,6403,8285,7622,5418
2010-06-08,1399,-869,17962,10301,8902,6230,7099
2010-06-15,1594,-2129,9089,2855,1261,4329,6458
2010-06-22,-2078,822,10476,1194,3272,6721,5899
2010-06-29,-3554,2486,12880,1957,5511,8459,5973
2010-07-06,-3390,2577,12959,2751,6141,8093,5516
2010-07-13,-6363,5452,16798,1740,8103,12683,7231
2010-07-20,-10376,8973,18631,1511,11887,14523,5550
2010-07-27,-15630,13674,22919,1407,17037,18398,4724
2010-08-03,-16926,15059,24399,816,17742,20353,5294
2010-08-10,-14867,12544,25036,1889,16756,18992,6448
2010-08-17,-13177,12139,23627,3229,16406,17595,5456
2010-08-24,-11801,10683,20271,1997,13798,14931,4248
2010-08-31,-7722,6957,20099,4956,12678,12193,5236
2010-09-07,-10915,9377,27922,9876,20791,14648,5271
2010-09-14,-19237,16839,25755,865,20102,21414,4575
2010-09-21,-20635,18408,26820,563,21198,22636,4228
2010-09-28,-19474,17270,25965,641,20115,21604,4334
2010-10-05,-18570,16334,26042,881,19451,21339,5005
2010-10-12,-19394,16573,26437,1213,20607,21276,4703
2010-10-19,-17899,15331,27031,1856,19755,21477,6146
2010-10-26,-18405,15871,26754,1573,19978,21577,5706
2010-11-02,-21550,19148,28353,1356,22906,23393,4245
2010-11-09,-24940,22250,31494,991,25931,26965,4715
2010-11-16,-25877,23445,33423,1200,27077,28915,5470
2010-11-23,-23516,21069,30969,1644,25160,26095,5026
2010-11-30,-20501,18445,27575,1301,21802,22982,4537
2010-12-07,-20009,18261,27595,2185,22194,22024,3763
2010-12-14,-13773,12521,24510,985,14758,21314,8793
2010-12-21,-8176,7366,25081,5150,13326,17780,10414
2010-12-28,-9443,8115,25090,3991,13434,18570,10455
2011-01-04,-12792,10731,26443,2210,15002,21162,10431
2011-01-11,-12410,9620,27358,2746,15156,20943,11323
2011-01-18,-13903,11247,27636,2761,16664,21224,9977
2011-01-25,-11435,8627,26199,3744,15179,18507,9880
2011-02-01,-13181,10270,27450,3486,16667,20041,9771
2011-02-08,-13526,10857,27897,3468,16994,20804,9947
2011-02-15,-11819,9810,27735,6570,18389,18018,8208
2011-02-22,-9804,8101,27830,8466,18270,15975,7874
2011-03-01,-8522,7411,26966,8738,17260,15326,7915
2011-03-08,-4666,4346,27699,10783,15449,13467,9121
2011-03-15,2691,-2809,15851,5986,3295,7277,10086
2011-03-22,1977,-1482,13974,5713,3736,6005,7487
2011-03-29,-411,239,13401,4356,4767,6598,6359
2011-04-05,-4250,2695,16197,2772,7022,10129,7434
2011-04-12,-8440,6336,21143,3348,11788,14233,7897
2011-04-19,-12320,9339,25789,3666,15986,17722,8383
2011-04-26,-14565,11457,27220,3523,18088,19205,7748
2011-05-03,-15787,12800,31620,4593,20380,22522,9722
2011-05-10,-16223,13714,30504,3826,20049,22828,9114
2011-05-17,-14616,12624,29636,3827,18443,22518,9894
2011-05-24,-16115,13876,30930,4023,20138,23234,9358
2011-05-31,-18597,15724,30915,3089,21686,23579,7855
2011-06-07,-19533,16004,37227,8573,28106,23573,7569
2011-06-14,-22544,19218,31432,3507,26051,23520,4302
2011-06-21,-21972,18849,30261,2970,24942,22942,4093
2011-06-28,-21439,18364,29652,2998,24437,22242,3878
2011-07-05,-22306,18986,30520,3381,25687,22648,3662
2011-07-12,-22579,19584,29745,2838,25417,22687,3103
2011-07-19,-24631,21438,31072,2745,27376,23364,1926
2011-07-26,-26613,23291,32793,2498,29111,25241,1950
2011-08-02,-28097,24126,33788,2540,30637,25808,1682
2011-08-09,-22565,20427,28943,2937,25502,21588,1161
2011-08-16,-20615,18417,26705,3774,24389,19214,797
2011-08-23,-19637,16876,26504,4305,23942,17980,1104
2011-08-30,-19434,16565,26856,4625,24059,17953,1388
2011-09-06,-20225,17670,27939,4090,24315,19215,1545
2011-09-13,-20335,17664,34664,10392,30727,19303,1639
2011-09-20,-15582,13565,22307,2437,18019,16511,2946
2011-09-27,-9853,9591,23804,7068,16921,14475,4884
2011-10-04,-4392,5566,26211,11686,16078,12929,7363
2011-10-11,-5944,6838,25059,11594,17538,12075,5237
2011-10-18,-8146,8225,24055,9752,17898,12445,4220
2011-10-25,-9757,9219,24675,9443,19200,13298,4079
2011-11-01,-11365,10655,24021,8317,19682,13394,2739
2011-11-08,-12268,11550,24750,8111,20379,14585,3035
2011-11-15,-10510,10614,25966,9807,20317,14255,3641
2011-11-22,-6829,7916,26870,12745,19574,12639,4723
2011-11-29,-2793,3718,28277,15819,18612,11018,7300
2011-12-06,-3121,3857,27597,15376,18497,10745,6888
2011-12-13,-4737,5383,28686,15164,19901,11148,5765
2011-12-20,23,612,9442,1834,1811,5735,5123
2011-12-27,-811,1405,10181,1540,2351,6571,5166
2012-01-03,-2297,2436,10812,687,2984,7857,5421
2012-01-10,-5846,5029,14173,542,6388,10658,5629
2012-01-17,-10730,9455,20955,1478,12208,16195,6740
2012-01-24,-14550,12932,25569,1715,16265,20232,7300
2012-01-31,-17291,14797,31627,1796,19087,25330,10533
2012-02-07,-26248,23335,35020,1992,28240,28201,4866
2012-02-14,-26503,23870,36704,2769,29272,29202,5332
2012-02-21,-26865,24211,36889,2712,29577,29422,5211
2012-02-28,-24949,22114,35159,3110,28059,27006,4892
2012-03-06,-18715,16788,29950,2039,20754,23506,6718
2012-03-13,-15433,13223,32911,5280,20713,19223,6000
2012-03-20,-5457,4210,20288,2300,7757,14686,10476
2012-03-27,-6109,3984,20247,2594,8703,14046,10062
2012-04-03,-7860,5846,20753,2543,10403,14477,8631
2012-04-10,-8927,7170,21802,2835,11762,15433,8263
2012-04-17,-14050,11939,23952,3151,17201,16999,5060
2012-04-24,-11726,9486,19126,1304,13030,13984,4498
2012-05-01,-10880,8025,19815,3302,14182,12155,4130
2012-05-08,-6475,6224,17969,3427,9902,11688,5464
2012-05-15,-3261,2597,17263,5462,8723,9124,6527
2012-05-22,3253,-1509,21439,11398,8145,8418,9927
2012-05-29,6805,-5208,21453,13817,7012,5798,11006
2012-06-05,7183,-5530,21530,13207,6024,6575,12105
2012-06-12,5531,-3885,27485,18395,12864,6640,10525
2012-06-19,2342,-2213,12612,6587,4245,3564,5777
2012-06-26,-1086,576,16601,7651,8737,6108,5532
2012-07-03,-5809,4320,20483,7158,12967,9862,5542
2012-07-10,-7714,5591,22356,7057,14771,11434,5843
2012-07-17,-8303,6939,23328,8749,17052,10986,4047
2012-07-24,-8657,7779,23206,8382,17039,11703,3924
2012-07-31,-12533,10347,24967,7151,19684,13659,3312
2012-08-07,-17252,14588,28945,6619,23871,17808,3220
2012-08-14,-17726,15247,30100,7482,25208,18273,3026
2012-08-21,-18931,16372,31984,7596,26527,19835,3463
2012-08-28,-16220,14229,31374,9294,25514,18215,3986
2012-09-04,-12565,11401,25393,7271,19836,14815,3414
2012-09-11,-12666,10032,27152,8115,20781,13641,3609
2012-09-18,-19628,16605,29331,4067,23695,20402,3797
2012-09-25,-23538,19965,32787,3973,27511,23389,3424
2012-10-02,-24664,21381,34171,3456,28120,25298,3917
2012-10-09,-20266,16710,30497,3857,24123,21075,4365
2012-10-16,-19452,16284,29486,3950,23402,20646,4362
2012-10-23,-18705,16349,29136,4011,22716,20528,4179
2012-10-30,-19248,16745,31020,5473,24721,20849,4104
2012-11-06,-22605,19388,35323,5508,28113,24440,5052
2012-11-13,-21558,19194,33252,5019,26577,23692,4498
2012-11-20,-19606,17858,29757,4087,23693,21436,3578
2012-11-27,-21433,18710,31901,5539,26972,21653,2943
2012-12-04,-23454,21088,32167,3771,27225,23272,2184
2012-12-11,-28591,24600,41381,2845,31436,29560,4960
2012-12-18,-18410,14230,42446,4529,22939,31830,17600
2012-12-24,-20607,14739,40135,5177,25784,27425,12686
2012-12-31,-19774,17082,34531,4147,23921,25832,8750
2013-01-08,-22178,19220,36531,4735,26913,26635,7415
2013-01-15,-25639,22262,38654,3202,28841,29920,7658
2013-01-22,-26934,23532,37179,2733,29667,28815,5283
2013-01-29,-25073,21816,35480,3271,28344,26830,5014
2013-02-05,-26764,22700,37058,3054,29818,26343,3643
2013-02-12,-24683,21338,35107,3018,27701,24898,3560
2013-02-19,-27936,24693,37555,3192,31128,28153,3460
2013-02-26,-21640,20297,32864,2987,24627,23570,3273
2013-03-05,-20350,19044,31547,3391,23741,23812,4768
2013-03-12,-20431,19350,32813,3591,24022,24250,4900
2013-03-19,-13120,12477,28933,2269,15389,23384,10907
2013-03-26,-19541,16916,34922,1943,21484,27946,11030
2013-04-02,-20775,18387,39229,2885,23660,31358,12971
2013-04-09,-26690,25150,42549,2234,28924,35358,10208
2013-04-16,-32531,30808,46640,2030,34561,39986,9178
2013-04-23,-29329,27705,45127,2374,31703,38027,10322
2013-04-30,-31645,29050,46571,2743,34388,38184,9134
2013-05-07,-30001,28536,46005,3069,33070,37775,9239
2013-05-14,-22700,23216,37320,3428,26128,30436,7220
2013-05-21,-13974,17782,32833,5914,19888,23978,6196
2013-05-28,-12381,14011,29377,7407,19788,19666,5655
2013-06-04,-3758,6013,25530,11883,15641,11700,5687
2013-06-11,-234,2653,26293,15339,15573,8940,6287
2013-06-18,-32,2126,11742,1511,1543,8469,6343
2013-06-25,3260,-711,11632,4617,1357,5377,6088
2013-07-02,3670,-1174,12384,5151,1481,5288,6462
2013-07-09,3509,-1008,12512,5003,1494,5390,6398
2013-07-16,4747,-2744,12904,6403,1656,4224,6968
2013-07-23,3882,-1846,12613,6125,2243,4517,6363
2013-07-30,1169,-520,12153,3916,2747,5593,6113
2013-08-06,2768,-1539,11572,4667,1899,4595,6134
2013-08-13,118,197,11976,2725,2607,6632,6435
2013-08-20,-2546,2390,13500,1066,3612,9760,7370
2013-08-27,-200,252,12193,2092,2292,7463,7211
2013-09-03,1877,-797,13105,4609,2732,6384,7181
2013-09-10,845,-601,15097,4501,3656,8068,8669
2013-09-17,-6129,5657,15842,913,7042,12463,6806
2013-09-24,-9537,8055,19621,845,10382,15470,7415
2013-10-01,-13106,10891,22577,911,14017,17706,6815
2013-10-08,-12576,10766,23230,1074,13650,18343,7577
2013-10-15,-14801,12668,24608,1317,16118,19379,6711
2013-10-22,-15697,13114,27336,1634,17331,21349,8235
2013-10-29,-12588,10625,23564,1964,14552,17705,7080
2013-11-05,-11129,9708,22367,1603,12732,16937,7229
2013-11-12,-11624,10366,21996,1664,13288,16814,6448
2013-11-19,-13609,12476,24450,1910,15519,18940,6464
2013-11-26,-11473,10249,20919,1352,12825,16064,5815
2013-12-03,-8716,7639,18318,1069,9785,13660,6021
2013-12-10,-10694,8553,19953,1803,12497,13183,4630
2013-12-17,-7346,5673,17939,871,8217,12842,7169
2013-12-24,-8180,6456,18668,880,9060,13899,7443
2013-12-31,-8477,6707,18748,693,9170,14198,7491
2014-01-07,-9832,7866,20039,922,10754,14803,6937
2014-01-14,-11512,9614,22870,1117,12629,17539,7925
2014-01-21,-10088,8556,22817,1258,11346,17330,8774
2014-01-28,-10925,9685,21796,947,11872,16606,6921
2014-02-04,-8288,8032,20098,1732,10020,14588,6556
2014-02-11,-8653,7641,19085,2021,10674,13176,5535
2014-02-18,-10490,8906,21516,1872,12362,15331,6425
2014-02-25,-12510,10982,22142,1367,13877,16529,5547
2014-03-04,-15517,13432,25616,1291,16808,19346,5914
2014-03-11,-16296,14449,31905,1586,17882,21155,6706
2014-03-18,-18502,15751,31463,1243,19745,24645,8894
2014-03-25,-20858,18213,32748,1234,22092,26243,8030
2014-04-01,-20868,18480,32313,1439,22307,25765,7285
2014-04-08,-21802,19766,32898,1477,23279,26521,6755
2014-04-15,-21849,19847,33100,1477,23326,26671,6824
2014-04-22,-22486,20175,32579,1532,24018,26056,5881
2014-04-29,-20573,18480,29858,1791,22364,22979,4499
2014-05-06,-21521,20693,33025,2686,24207,25027,4334
2014-05-13,-20995,19340,30932,2439,23434,23806,4466
2014-05-20,-19475,17594,30556,3565,23040,22486,4892
2014-05-27,-20062,17944,30649,3654,23716,22034,4090
2014-06-03,-18622,17531,30066,2986,21608,22400,4869
2014-06-10,-18083,16855,32946,5419,23502,20401,3546
2014-06-17,-4989,3733,28467,2667,7656,21671,17938
2014-06-24,-6882,6152,31415,2739,9621,24855,18703
2014-07-01,-9869,8985,33455,2890,12759,26563,17578
2014-07-08,-14867,14416,36123,1959,16826,26750,12334
2014-07-15,-15274,15453,32879,2140,17414,26570,11117
2014-07-22,-15877,15132,32728,2581,18458,26028,10896
2014-07-29,-16555,15289,30531,2884,19439,23552,8263
2014-08-05,-15282,14500,25603,3057,18339,18949,4449
2014-08-12,-14355,13429,25214,3376,17731,17913,4484
2014-08-19,-12442,12032,24048,3600,16042,16796,4764
2014-08-26,-12537,11841,23619,3483,16020,16405,4564
2014-09-02,-10503,10172,23319,4328,14831,15623,5451
2014-09-09,-9702,9522,24920,5346,15048,14369,4847
2014-09-16,39,1120,16050,3703,3664,9814,8694
2014-09-23,-209,1841,16146,3664,3873,9779,7938
2014-09-30,2142,64,18209,5356,3214,10092,10028
2014-10-07,2363,-100,19214,6708,4345,10052,10152
2014-10-14,5485,-2384,21317,9967,4482,9171,11555
2014-10-21,5865,-2332,21311,10519,4654,8526,10858
2014-10-28,6561,-3898,22023,10951,4390,8506,12404
2014-11-04,8049,-4109,23716,11941,3892,9737,13846
2014-11-11,4411,-989,19809,8368,3957,9244,10233
2014-11-18,3952,-1247,19907,8111,4159,9134,10381
2014-11-25,4568,-2294,21096,8276,3708,9630,11924
2014-12-02,4308,-1680,20448,8156,3848,9272,10952
2014-12-09,5932,-2295,23550,10974,5042,9786,12081
2014-12-16,3247,-639,18447,5858,2611,9865,10504
2014-12-23,4444,-1408,19295,7099,2655,9786,11194
2014-12-30,4097,-1846,18071,6733,2636,8236,10082
2015-01-06,3863,-907,19437,6679,2816,9865,10772
2015-01-13,5319,-1776,21064,9158,3839,8396,10172
2015-01-20,3769,-1817,22818,7997,4228,10941,12758
2015-01-27,7512,-3659,25594,11093,3581,11908,15567
2015-02-03,9287,-4497,25687,13108,3821,10537,15034
2015-02-10,11118,-6200,26593,15243,4125,9272,15472
2015-02-17,10159,-5753,27700,14702,4543,10021,15774
2015-02-24,8831,-4330,27328,13392,4561,11107,15437
2015-03-03,5339,-1367,27610,9773,4434,14597,15964
2015-03-10,7086,-2480,29726,11646,4560,13347,15827
2015-03-17,4444,-1141,23317,7155,2711,13117,14258
2015-03-24,3057,-866,20958,5470,2413,12149,13015
2015-03-31,-1303,4031,24049,4473,5776,16443,12412
2015-04-07,-4440,5778,24920,4489,8929,16950,11172
2015-04-14,-4555,6003,25176,4579,9134,17081,11078
2015-04-21,-7709,8488,26617,4241,11950,18473,9985
2015-04-28,-10297,10180,28071,5134,15431,18281,8101
2015-05-05,-8226,9064,28379,4813,13039,19585,10521
2015-05-12,-555,1770,25525,7678,8233,14268,12498
2015-05-19,3676,-2231,26331,11720,8044,11192,13423
2015-05-26,7660,-5087,28514,14925,7265,10426,15513
2015-06-02,13187,-10539,33005,19500,6313,9432,19971
2015-06-09,15032,-11795,36911,21258,6226,11097,22892
2015-06-16,12698,-9168,37169,14652,1954,19382,28550
2015-06-23,17506,-13563,42911,19844,2338,19661,33224
2015-06-30,20163,-16066,43256,22781,2618,16949,33015
2015-07-07,22164,-18348,42873,24535,2371,14679,33027
2015-07-14,23537,-19654,42311,25907,2370,13504,33158
2015-07-21,20537,-15954,38544,22843,2306,13200,29154
2015-07-28,17041,-12765,37487,21230,4189,13550,26315
2015-08-04,15941,-11899,38530,21363,5422,14391,26290
2015-08-11,14376,-10572,36861,20282,5906,13931,24503
2015-08-18,13681,-9957,36523,20025,6344,14012,23969
2015-08-25,9686,-6063,33400,15789,6103,15388,21451
2015-09-01,12265,-8279,34339,18292,6027,13543,21822
2015-09-08,15680,-11820,38325,22252,6572,11677,23497
2015-09-15,5761,-2094,33352,9043,3282,22462,24556
2015-09-22,7840,-3529,35920,11126,3286,22990,26519
2015-09-29,6947,-3062,34105,11339,4392,20995,24057
2015-10-06,5434,-971,31930,11860,6426,18357,19328
2015-10-13,2836,692,29038,8794,5958,18344,17652
2015-10-20,-1418,3759,30142,8216,9634,19447,15688
2015-10-27,-3029,5589,31743,9123,12152,20339,14750
2015-11-03,-4066,6618,32539,9013,13079,21266,14648
2015-11-10,-2215,5564,33719,9798,12013,21267,15703
2015-11-17,-901,5248,34899,10212,11113,22219,16971
2015-11-24,-448,4010,35099,10292,10740,22603,18593
2015-12-01,-1793,4757,36623,10658,12451,22881,18124
2015-12-08,-7106,8881,38425,10251,17357,24452,15571
2015-12-15,458,1119,23626,4713,4255,16346,15227
2015-12-22,1693,-221,24057,6207,4514,14946,15167
2015-12-29,856,-146,24587,6004,5148,14971,15117
2016-01-05,64,1579,24928,5142,5078,16842,15263
2016-01-12,320,1541,25434,5297,4977,17149,15608
2016-01-19,6003,-2954,28114,10398,4395,14938,17892
2016-01-26,8331,-5400,30437,12538,4207,15166,20566
2016-02-02,10539,-8436,30979,14585,4046,13492,21928
2016-02-09,9999,-9139,33544,16620,6621,13666,22805
2016-02-16,9866,-8317,33596,16161,6295,14465,22782
2016-02-23,7595,-6615,32618,13626,6031,15968,22583
2016-03-01,5886,-4157,31473,12386,6500,16593,20750
2016-03-08,2225,-2000,34957,9122,6897,20419,22419
2016-03-15,285,1290,28451,5082,4797,20524,19234
2016-03-22,-1453,1017,27163,4040,5493,19375,18358
2016-03-29,-1657,1874,28248,4700,6357,20255,18381
2016-04-05,-2793,2903,28309,4971,7764,20152,17249
2016-04-12,-3974,4292,29575,4666,8640,21472,17180
2016-04-19,-5959,5351,31313,4673,10632,22674,17323
2016-04-26,-9373,7384,33789,4851,14224,24459,17075
2016-05-03,-10543,9200,36578,6791,17334,25306,16106
2016-05-10,-9689,9352,45419,7951,17640,33573,24221
2016-05-17,-6825,6688,43986,7388,14213,32545,25857
2016-05-24,-4184,4576,42189,8040,12224,30414,25838
2016-05-31,-5439,5504,44604,9061,14500,31919,26415
2016-06-07,-9944,8536,57750,9710,19654,38562,30026
2016-06-14,1538,-3818,41919,7076,5538,29558,33376
2016-06-21,814,-3045,43562,8232,7418,30013,33058
2016-06-28,278,-2826,43462,8594,8316,29798,32624
2016-07-05,-629,-1403,44234,8336,8965,30606,32009
2016-07-12,-3655,1011,44750,7455,11110,31694,30683
2016-07-19,-4100,2173,41199,7029,11129,29156,26983
2016-07-26,-1223,215,39825,8610,9833,26598,26383
2016-08-02,-1987,217,40392,7911,9898,27049,26832
2016-08-09,-1180,-613,41475,7865,9045,28314,28927
2016-08-16,-1044,-695,43268,8865,9909,28980,29675
2016-08-23,-617,-878,44393,9141,9758,29926,30804
2016-08-30,-3534,1893,46496,8751,12285,31747,29854
2016-09-06,-7911,6128,51939,8475,16386,37243,31115
2016-09-13,-7466,5129,61941,10563,18029,34900,29771
2016-09-20,5923,-7916,49526,9079,3156,34778,42694
2016-09-27,4654,-6793,49416,9649,4995,34159,40952
2016-10-04,5147,-7830,49242,10859,5712,32224,40054
2016-10-11,5999,-7736,47124,10585,4586,30962,38698
2016-10-18,-924,-153,47413,12805,13729,29513,29666
2016-10-25,-888,-420,47257,12928,13816,29504,29924
2016-11-01,-433,-965,46788,13015,13448,28557,29522
2016-11-08,-4294,2505,52113,9833,14127,36124,33619
2016-11-15,-3737,2043,48563,9845,13582,33547,31504
2016-11-22,-523,-533,50007,13359,13882,31779,32312
2016-11-29,1575,-1872,49885,15554,13979,30231,32103
2016-12-06,2318,-3952,48740,16585,14267,27641,31593
2016-12-13,2122,-3702,54226,18064,15942,29402,33104
2016-12-20,6535,-6953,41806,9684,3149,28313,35266
2016-12-27,11732,-11001,43266,14716,2984,25448,36449
2017-01-03,12140,-11413,44227,15554,3414,25522,36935
2017-01-10,13751,-13960,43936,17423,3672,22989,36949
2017-01-17,12022,-12288,45994,16566,4544,25517,37805
2017-01-24,8797,-9883,44940,14606,5809,25851,35734
2017-01-31,-631,-1022,51587,13518,14149,32712,33734
2017-02-07,-3661,1845,54073,14090,17751,34860,33015
2017-02-14,-5058,2876,56314,14467,19525,36565,33689
2017-02-21,-4871,3158,55082,14632,19503,35252,32094
2017-02-28,-5341,2937,57102,14536,19877,37198,34261
2017-03-07,2252,-4425,51405,17135,14883,27207,31632
2017-03-14,5403,-5605,34986,11330,5927,19509,25114
2017-03-21,13500,-12610,37898,17942,4442,16599,29209
2017-03-28,13369,-12629,37949,18032,4663,16216,28845
2017-04-04,15412,-14724,40904,19914,4502,17009,31733
2017-04-11,15970,-15153,43375,20290,4320,19008,34161
2017-04-18,15757,-15006,43061,20734,4977,18320,33326
2017-04-25,16555,-15404,43947,21564,5009,18693,34097
2017-05-02,14227,-11970,43368,20814,6587,19190,31160
2017-05-09,13108,-10786,44057,28766,15658,12070,22856
2017-05-16,14420,-11954,45187,29921,15501,11918,23872
2017-05-23,11047,-9217,44165,26465,15418,14018,23235
2017-05-30,6711,-5539,44203,23102,16391,16886,22425
2017-06-06,1981,-1785,43814,19481,17500,19348,21133
2017-06-13,-2343,1595,53576,19392,21735,27261,25666
2017-06-20,-22739,21455,50095,5794,28533,38388,16933
2017-06-27,-26325,25233,57424,6381,32706,45001,19768
2017-07-03,-31299,29133,57560,6245,37544,44484,15351
2017-07-11,-33355,31905,58499,6414,39769,45435,13530
2017-07-18,-38120,35981,57496,6678,44798,44257,8276
2017-07-25,-37180,34805,54603,6720,43900,41221,6416
2017-08-01,-37567,34938,54968,6595,44162,41531,6593
2017-08-08,-35892,33485,53151,5948,41840,40241,6756
2017-08-15,-27585,24839,48413,7975,35560,33509,8670
2017-08-22,-24620,21882,44090,7153,31773,29590,7708
2017-08-29,-21304,18804,43732,8363,29667,29002,10198
2017-09-05,-16524,14723,46094,12532,29056,26773,12050
2017-09-12,-14544,12350,49256,17154,31698,25150,12800
2017-09-19,-8673,6670,37073,8494,17167,23248,16578
2017-09-26,-9788,8053,35914,7499,17287,22369,14316
2017-10-03,-9671,8118,34175,7575,17246,20928,12810
2017-10-10,-6550,5729,36460,9752,16302,21529,15800
2017-10-17,-7556,6977,33757,8147,15703,20423,13446
2017-10-24,-521,611,41185,15287,15808,20549,19938
2017-10-31,7460,-5707,49610,23224,15764,21763,27470
2017-11-07,12723,-11187,52072,28662,15939,18943,30130
2017-11-14,14403,-11891,53690,31070,16667,18146,30037
2017-11-21,16250,-13394,59737,33075,16825,22489,35883
2017-11-28,16201,-14022,61260,32751,16550,23960,37982
2017-12-05,14985,-12893,61386,32042,17057,24228,37121
2017-12-12,16432,-13428,74192,41601,25169,23811,37239
2017-12-19,18739,-16619,48385,25914,7175,19456,36075
2017-12-26,19621,-17586,47219,26015,6394,18140,35726
2018-01-02,18647,-16985,45141,25888,7241,15509,32494
2018-01-09,11930,-11017,45519,24560,12630,17304,28321
2018-01-16,7727,-7991,46780,23916,16189,17795,25786
2018-01-23,1244,-1466,53374,22850,21606,24620,26086
2018-01-30,-5005,3470,55783,21254,26259,29667,26197
2018-02-06,-4258,3332,55563,20980,25238,29316,25984
2018-02-13,-2706,2220,53739,20176,22882,28648,26428
2018-02-20,-1345,944,54483,19901,21246,29422,28478
2018-02-27,297,-991,58443,20539,20242,32179,33170
2018-03-06,-1174,30,59354,20365,21539,33091,33061
2018-03-13,1226,-2816,66872,26030,24804,34689,37505
2018-03-20,-20777,19626,44482,7641,28418,31078,11452
2018-03-27,-18537,18239,46728,8671,27208,32749,14510
2018-04-03,-18705,18377,47079,8792,27497,32948,14571
2018-04-10,-23493,22827,55938,8942,32435,41652,18825
2018-04-17,-28871,27603,61437,8824,37695,47255,19652
2018-04-24,-25301,24434,55385,10134,35435,39933,15499
2018-05-01,-15986,16573,47605,12885,28871,29899,13326
2018-05-08,-10284,12546,49725,17097,27381,29004,16458
2018-05-15,664,1953,59874,27040,26376,28754,26801
2018-05-22,4417,-1363,60456,30170,25753,27077,28440
2018-05-29,2486,1401,62523,28432,25946,30945,29544
2018-06-05,-675,4383,62065,25033,25708,33307,28924
2018-06-12,-3621,7006,64699,26548,30169,34836,27830
2018-06-19,20331,-15940,43308,26057,5726,14656,30596
2018-06-26,22054,-17562,45026,27617,5563,14898,32460
2018-07-03,30342,-26404,53676,35812,5470,14522,40926
2018-07-10,31242,-26574,52787,36806,5564,13170,39744
2018-07-17,29222,-25067,53254,34818,5596,15392,40459
2018-07-24,28216,-24370,51898,33704,5488,14977,39347
2018-07-31,28265,-23680,51816,33887,5622,14454,38134
2018-08-07,28648,-24527,51319,34151,5503,14051,38578
2018-08-14,30586,-26693,56128,36454,5868,15723,42416
2018-08-21,29976,-25143,55473,36280,6304,15665,40808
2018-08-28,28161,-23927,54564,35083,6922,16445,40372
2018-09-04,28819,-24894,55781,36071,7252,16291,41185
2018-09-11,26948,-22647,59669,35959,9011,19408,42055
2018-09-18,35925,-31989,57429,43348,7423,11021,43010
2018-09-25,35526,-31835,56994,43141,7615,10906,42741
2018-10-02,35295,-30596,56448,42586,7291,10678,41274
2018-10-09,38042,-33820,64710,46161,8119,15418,49238
2018-10-16,40201,-35412,62490,48266,8065,11136,46548
2018-10-23,37272,-33048,58683,45637,8365,9634,42682
2018-10-30,39098,-35031,59718,47500,8402,8956,43987
2018-11-06,29252,-25726,51288,37808,8556,10434,36160
2018-11-13,23993,-20868,50015,35471,11478,11138,32006
2018-11-20,22542,-19347,53661,34249,11707,15489,34836
2018-11-27,23272,-20540,54184,34347,11075,16373,36913
2018-12-04,22885,-21297,56348,33685,10800,17694,38991
2018-12-11,17102,-15241,62587,37805,20703,19127,34368
2018-12-18,-1435,3411,29675,6616,8051,18820,15409
2018-12-24,447,1940,28524,6961,6514,17717,15777
2018-12-31,1264,1962,29640,7784,6520,18272,16310
2019-01-08,4453,-1538,29804,11156,6703,14895,16433
2019-01-15,4715,-2940,30350,11914,7199,14129,17069
2019-01-22,6891,-4589,33089,14231,7340,15437,20026
2019-01-29,4306,-2816,31684,12784,8478,14891,17707
2019-02-05,849,547,34054,11192,10343,19257,18710
2019-02-12,3088,-1123,35744,14085,10997,17944,19067
2019-02-19,2858,-740,36758,14011,11153,18718,19458
2019-02-26,971,914,35407,12926,11955,18295,17381
2019-03-05,768,1421,39314,13868,13100,20687,19266
2019-03-12,-2042,4597,42326,15196,17238,20974,16377
2019-03-19,2398,-1124,36146,14514,12116,17301,18425
2019-03-26,65,-202,42640,15041,14976,22570,22772
2019-04-02,2074,-405,39164,14752,12678,20854,21259
2019-04-09,3450,-1483,37599,15012,11562,18911,20394
2019-04-16,5631,-3221,37770,17092,11461,17030,20251
2019-04-23,8958,-5450,45134,20979,12021,21367,26817
2019-04-30,15213,-11460,49266,27420,12207,19038,30498
2019-05-07,16108,-12742,48392,28610,12502,16308,29050
2019-05-14,14662,-11438,50262,27807,13145,19075,30513
2019-05-21,14586,-10864,58548,28572,13986,26446,37310
2019-05-28,19736,-16148,61961,33608,13872,24986,41134
2019-06-04,23424,-20396,68760,37637,14213,23476,43872
2019-06-11,19133,-16122,62497,35389,16256,23072,39194
2019-06-18,28263,-24468,64240,41640,13377,19552,44020
2019-06-25,28580,-24053,61828,41306,12726,17611,41664
2019-07-02,26840,-24032,55017,40036,13196,11272,35304
2019-07-09,25817,-22205,54222,40073,14256,10484,32689
2019-07-16,19892,-17319,50025,35160,15268,10839,28158
2019-07-23,15631,-12225,54066,34365,18734,16029,28254
2019-07-30,15230,-12319,53172,34379,19149,15117,27436
2019-08-06,14500,-11564,57131,34603,20103,17898,29462
2019-08-13,17265,-13447,59895,35752,18487,20500,33947
2019-08-20,22025,-18260,62760,37908,15883,21073,39333
2019-08-27,27727,-26047,64672,37631,9904,21135,47182
2019-09-03,31928,-30676,67827,42021,10093,21066,51742
2019-09-10,33040,-29790,73148,42611,9571,22490,52280
2019-09-17,39406,-36043,68408,49162,9756,15824,51867
2019-09-24,42235,-39598,75074,51687,9452,19515,59113
2019-10-01,45158,-42474,75163,55098,9940,16114,58588
2019-10-08,41422,-38217,73793,55216,13794,14377,52594
2019-10-15,42813,-40016,74796,56518,13705,14383,54399
2019-10-22,43390,-40142,73499,57311,13921,12149,52291
2019-10-29,43044,-40403,72478,56959,13915,11612,52015
2019-11-05,41445,-38965,75326,57083,15638,14376,53341
2019-11-12,38892,-36235,79394,59119,20227,16750,52985
2019-11-19,37920,-35099,73073,57196,19276,12349,47448
2019-11-26,38416,-35826,70840,56770,18354,10626,46452
2019-12-03,29063,-26992,71895,50696,21633,16467,43459
2019-12-10,27409,-25340,75194,54033,26624,14433,39773
2019-12-17,10563,-8217,44340,24157,13594,16160,24377
2019-12-24,10212,-7796,46630,24538,14326,18651,26447
2019-12-31,4923,-5058,48744,18852,13929,23893,28951
2020-01-07,2489,-1488,50802,18862,16373,27369,28857
2020-01-14,1034,-361,48651,19489,18455,24085,24446
2020-01-21,-1164,1833,48300,19043,20207,24112,22279
2020-01-28,-872,2060,46500,18675,19547,22882,20822
2020-02-04,3481,-2192,43692,19491,16010,18599,20791
2020-02-11,5997,-4076,48946,22603,16606,19893,23969
2020-02-18,14944,-12187,52585,30151,15207,17485,29672
2020-02-25,18043,-15311,58240,34787,16744,18994,34305
2020-03-03,20030,-16957,62847,38168,18138,20530,37487
2020-03-10,18820,-15376,71034,44803,25983,20681,36057
2020-03-17,19604,-20275,44688,32133,12529,9976,30251
2020-03-24,20157,-16016,37622,28547,8390,6993,23009
2020-03-31,20103,-16106,39144,28677,8574,8040,24146
2020-04-07,18449,-14653,40306,27426,8977,9968,24621
2020-04-14,18239,-14578,39812,28054,9815,8958,23536
2020-04-21,18362,-14259,39153,28014,9652,8282,22541
2020-04-28,17521,-13779,41267,28495,10974,9856,23635
2020-05-05,19445,-14953,44372,29786,10341,12042,26995
2020-05-12,19808,-15878,45368,30233,10425,11953,27831
2020-05-19,19727,-15867,44143,29961,10234,10742,26609
2020-05-26,17974,-15043,45668,29684,11710,12218,27261
2020-06-02,15082,-12923,46537,28204,13122,14318,27241
2020-06-09,11618,-11241,46711,27179,15561,15165,26406
2020-06-16,2781,-1932,27321,9512,6731,14452,16384
2020-06-23,558,-15,29351,9494,8936,16174,16189
2020-06-30,-394,356,30845,10362,10756,16314,15958
2020-07-07,899,-317,31229,10895,9996,15806,16123
2020-07-14,-1489,1117,33202,10843,12332,16973,15856
2020-07-21,-3178,2475,36105,11515,14693,19597,17122
2020-07-28,-196,-845,36142,13898,14094,17383,18228
2020-08-04,77,-1448,38499,14738,14661,18584,20032
2020-08-11,-857,-179,37528,14360,15217,17878,18057
2020-08-18,-5083,3762,38561,12706,17789,20513,16751
2020-08-25,-5276,4188,36678,11590,16866,19756,15568
2020-09-01,-9031,6966,40244,12856,21887,21434,14468
2020-09-08,-6502,4900,44047,16486,22988,20109,15209
2020-09-15,-5348,3242,35834,12201,17549,18002,14760
2020-09-22,-7629,4860,35216,12271,19900,16700,11840
2020-09-29,-5222,3329,35923,13188,18410,17100,13771
2020-10-06,-6884,5090,34612,12465,19349,16755,11665
2020-10-13,-7870,6490,38209,12963,20833,20227,13737
2020-10-20,-8343,6602,37295,12339,20682,19897,13295
2020-10-27,-8961,6995,40388,13035,21996,22023,15028
2020-11-03,-8792,7051,40400,13124,21916,21903,14852
2020-11-10,-10269,7717,46065,14109,24378,25695,17978
2020-11-17,-11380,8868,50687,14910,26290,29325,20457
2020-11-24,-11222,8312,54640,15744,26966,32235,23923
2020-12-01,-12192,9058,55345,15323,27515,32806,23748
2020-12-08,-13439,10550,61261,16309,29748,34730,24180
2020-12-15,-17791,14193,47402,12113,29904,28739,14546
2020-12-21,-16810,13654,48309,12722,29532,28710,15056
2020-12-29,-15955,12534,47915,13417,29372,27839,15305
2021-01-05,-16202,11996,47194,13051,29253,26552,14556
2021-01-12,-18218,14707,44757,11801,30019,26131,11424
2021-01-19,-19724,15983,46244,10475,30199,27997,12014
2021-01-26,-18130,14758,46804,11733,29863,28177,13419
2021-02-02,-13947,11647,50685,12766,26713,30501,18854
2021-02-09,-15672,11544,48655,11662,27334,29133,17589
2021-02-16,-17451,13711,48103,10690,28141,30243,16532
2021-02-23,-18367,14649,48209,10393,28760,30422,15773
2021-03-02,-18979,16408,48587,9069,28048,31825,15417
2021-03-09,-19607,17126,51380,8520,28127,32664,15538
2021-03-16,-8161,6029,34565,8145,16306,20002,13973
2021-03-23,-7291,4724,38253,10051,17342,20354,15630
2021-03-30,-6017,4046,36805,10971,16988,18945,14899
2021-04-06,-4926,3138,37377,11732,16658,19199,16061
2021-04-13,-4673,2520,38435,12262,16935,19727,17207
2021-04-20,-6228,4322,40632,12816,19044,21695,17373
2021-04-27,-8829,6979,44102,12348,21177,25852,18873
2021-05-04,-10565,8588,44453,12363,22928,26371,17783
2021-05-11,-12195,9344,45414,12328,24523,26377,17033
2021-05-18,-11503,8450,43155,13176,24679,23624,15174
2021-05-25,-11707,8585,44245,12973,24680,24446,15861
2021-06-01,-9283,5927,46253,13844,23127,24684,18757
2021-06-08,-9060,5506,45803,14424,23484,21962,16456
2021-06-15,-5657,3265,37913,12962,18619,18466,15201
2021-06-22,-4130,3286,39285,14655,18785,19171,15885
2021-06-29,-3921,3124,41352,15696,19617,19914,16790
2021-07-06,-3063,1761,41756,16518,19581,19412,17651
2021-07-13,-2794,3230,42463,17004,19798,20627,17397
2021-07-20,-2448,3046,43583,18166,20614,20671,17625
2021-07-27,-1191,1421,43953,20182,21373,19505,18084
2021-08-03,322,-325,42743,20816,20494,16959,17284
2021-08-10,1544,-1032,46690,21486,19942,17295,18327
2021-08-17,344,-235,44222,20707,20363,16674,16909
2021-08-24,1831,-362,46444,23251,21420,17219,17581
2021-08-31,2372,-2141,48296,23425,21053,17692,19833
2021-09-07,-4989,3863,58075,28184,33173,20074,16211
2021-09-14,-8755,6206,35667,11196,19951,17554,11348
2021-09-21,-9221,8102,36691,11012,20233,19703,11601
2021-09-28,-10598,10246,33673,10472,21070,18324,8078
2021-10-05,-7886,8056,35861,13588,21474,17887,9831
2021-10-12,-8151,8748,37340,12586,20737,20467,11719
2021-10-19,-7598,6440,37730,11194,18792,21004,14564
2021-10-26,-11474,8906,43061,11307,22781,24490,15584
2021-11-02,-16625,13861,45436,10659,27284,27504,13643
2021-11-09,-15139,12882,43461,11467,26606,25312,12430
2021-11-16,-15521,13965,42945,10349,25870,26388,12423
2021-11-23,-14860,13939,44524,10943,25803,27835,13896
2021-11-30,-9303,10630,49483,14387,23690,30465,19835
2021-12-07,-8875,10708,55975,15123,23998,31881,21173
2021-12-14,8174,-5861,41223,23994,15820,13539,19400
2021-12-21,8866,-6136,41354,26819,17953,11050,17186
2021-12-28,10100,-8421,41862,27097,16997,11231,19652
2022-01-04,10335,-8845,40302,27208,16873,9417,18262
2022-01-11,10304,-8604,42066,27650,17346,10960,19564
2022-01-18,10622,-8331,44727,29876,19254,11612,19943
2022-01-25,13281,-10773,53316,33712,20431,15948,26721
2022-02-01,14019,-11698,58467,35644,21625,19205,30903
2022-02-08,12733,-10366,54877,33591,20858,17168,27534
2022-02-15,12020,-9333,64105,35432,23412,24923,34256
2022-02-22,13908,-11551,56636,35481,21573,17343,28894
2022-03-01,16090,-14172,50389,36326,20236,10485,24657
2022-03-08,13592,-12379,53250,33005,19413,15775,28154
2022-03-15,-1815,3653,39200,14671,16486,21493,17840
2022-03-22,-2069,2520,35256,14227,16296,17156,14636
2022-03-29,-3,-867,34881,15507,15510,15504,16371
2022-04-05,171,-1569,35788,15863,15692,15428,16997
2022-04-12,-429,-289,37585,17233,17662,16295,16584
2022-04-19,503,365,41098,18853,18350,19081,18716
2022-04-26,2469,66,46510,21346,18877,22085,22019
2022-05-03,9879,-6610,50844,30789,20910,17427,24037
2022-05-10,16874,-12996,56235,38541,21667,15203,28199
2022-05-17,21390,-17767,60804,43219,21829,14998,32765
2022-05-24,22703,-19321,59279,45458,22755,10749,30070
2022-05-31,21374,-18724,55134,42010,20636,9179,27903
2022-06-07,22681,-19771,63540,43890,21209,12310,32081
2022-06-14,9773,-6838,45410,28062,18289,14894,21732
2022-06-21,8756,-5423,42889,26056,17300,14652,20075
2022-06-28,8551,-5311,40337,26167,17616,11720,17031
2022-07-05,10521,-7056,45403,29029,18508,13634,20690
2022-07-12,8979,-5283,45837,28261,19282,14926,20209
2022-07-19,7227,-3671,45467,26905,19678,15791,19462
2022-07-26,7608,-4186,46471,26498,18890,17311,21497
2022-08-02,4858,-1573,45274,25420,20562,16521,18094
2022-08-09,4044,-276,45350,24700,20656,18224,18500
2022-08-16,195,1769,41729,20688,20493,18412,16643
2022-08-23,4999,-1474,42311,22994,17995,16789,18263
2022-08-30,6533,-3124,44376,24861,18328,16407,19531
2022-09-06,6500,-2746,46796,25900,19400,17165,19911
2022-09-13,9408,-5301,51079,27458,18050,17949,23250
2022-09-20,16791,-12589,47884,33408,16617,11646,24235
2022-09-27,15072,-11471,45240,30343,15271,12287,23758
2022-10-04,17259,-13978,48487,30957,13698,14966,28944
2022-10-11,22517,-19042,50557,35834,13317,11894,30936
2022-10-18,22359,-18445,50448,37048,14689,10328,28773
2022-10-25,16289,-12884,50620,31568,15279,15639,28523
2022-11-01,6881,-3847,47219,23103,16222,21115,24962
2022-11-08,8792,-6367,45808,24923,16131,18085,24452
2022-11-15,8381,-6628,42589,24311,15930,15285,21913
2022-11-22,5064,-4284,42589,23526,18462,15536,19820
2022-11-29,4641,-5054,46180,23162,18521,18855,23909
2022-12-06,6301,-6498,42954,22950,16649,16302,22800
2022-12-13,6096,-7506,55294,28793,22697,19700,27206
2022-12-20,-7755,6334,29044,11210,18965,13386,7052
2022-12-27,-8272,6907,33552,13483,21755,15576,8669
2023-01-03,-8170,7480,29773,12378,20548,13366,5886
2023-01-10,-8499,7350,27566,10520,19019,12607,5257
2023-01-17,-6686,6058,31579,15888,22574,11308,5250
2023-01-24,-4241,2174,32710,16662,20903,10170,7996
2023-01-31,-8813,8386,34587,13762,22575,15376,6990
2023-02-07,-10455,10844,31410,9195,19650,16181,5337
2023-02-14,-10266,9003,29900,8820,19086,14185,5182
2023-02-21,-9024,8788,29888,8965,17989,15561,6773
2023-02-28,-6175,7110,40006,14409,20584,21318,14208
2023-03-07,-3789,5627,48777,19119,22908,22415,16788
2023-03-14,5372,-4741,35374,19909,14537,12185,16926
2023-03-21,8896,-8783,32179,21576,12680,6765,15548
2023-03-28,6553,-6610,31981,18639,12086,9720,16330
2023-04-04,2697,-4031,36080,17050,14353,14280,18311
2023-04-11,2571,-4481,35806,17758,15187,13097,17578
2023-04-18,3717,-3904,33377,18474,14757,10876,14780
2023-04-25,3928,-3252,36603,19334,15406,13070,16322
2023-05-02,3232,-1917,38910,19705,16473,16027,17944
2023-05-09,4283,-4581,41583,20224,15941,17461,22042
2023-05-16,1943,-2075,36187,17789,15846,14610,16685
2023-05-23,-556,-363,39011,17854,18410,16648,17011
2023-05-30,1195,-130,39507,18608,17413,16081,16211
2023-06-06,2856,-703,41665,18954,16098,16109,16812
2023-06-13,4854,-831,46496,24559,19705,15943,16774
2023-06-20,4441,-2659,32401,18573,14132,10867,13526
2023-06-27,1217,-831,34362,17713,16496,13207,14038
2023-07-03,1511,830,34057,18176,16665,13170,12340
2023-07-11,2619,-1251,34947,18666,16047,13297,14548
2023-07-18,938,-3626,39402,20654,19716,13193,16819
2023-07-25,32,-949,36820,19664,19632,12933,13882
2023-08-01,-1933,1586,36091,16569,18502,15551,13965
2023-08-08,1454,-368,40986,18874,17420,18758,19126
2023-08-15,4969,-2436,46781,21795,16826,21910,24346
2023-08-22,9215,-6513,51035,26132,16917,21478,27991
2023-08-29,13297,-10376,56617,30933,17636,20554,30930
2023-09-05,17291,-14000,56462,34068,16777,16847,30847
2023-09-12,17257,-14620,67487,42395,25138,14797,29417
2023-09-19,24301,-21272,52588,41596,17295,7618,28890
2023-09-26,18421,-15181,50757,36867,18446,10632,25813
2023-10-03,10717,-7650,52291,33651,22934,15895,23545
2023-10-10,6346,-4089,54694,32069,25723,18672,22761
2023-10-17,7662,-5899,54135,33899,26237,16008,21907
2023-10-24,16051,-12851,57243,39718,23667,13448,26299
2023-10-31,16236,-12817,57676,39509,23273,14332,27149
2023-11-07,17373,-14940,51001,37432,20059,9399,24339
2023-11-14,19170,-17034,49906,36817,17647,8818,25852
2023-11-21,18180,-16854,48137,36279,18099,7958,24812
2023-11-28,20208,-19609,51460,36898,16690,10104,29713
2023-12-05,15215,-16450,54732,36358,21143,11796,28246
2023-12-12,13109,-13488,58308,34588,21479,13273,26761
2023-12-19,1420,-3392,33652,12976,11556,14562,17954
2023-12-26,1142,-3667,34911,13556,12414,14582,18249
2024-01-02,-2439,-546,39215,14360,16799,18043,18589
2024-01-09,-202,-1767,38539,15791,15993,16221,17988
2024-01-16,-1,-2882,38466,16203,16204,14592,17474
2024-01-23,326,-1743,36633,16533,16207,13783,15526
2024-01-30,-289,-1040,36979,16682,16971,14114,15154
2024-02-06,-970,830,39305,17115,18085,16128,15298
2024-02-13,-4505,3407,41827,15668,20173,19632,16225
2024-02-20,-7799,6626,40950,14341,22140,19758,13132
2024-02-27,-12425,10057,48463,17474,29899,23942,13885
2024-03-05,-7786,7228,50123,21419,29205,21899,14671
2024-03-12,-4337,2465,52711,26408,30745,16391,13926
2024-03-19,-7,-189,50301,26118,26125,19064,19253
2024-03-26,7731,-6024,53416,34584,26853,14680,20704
2024-04-02,10695,-7528,61732,38421,27726,19725,27253
2024-04-09,16239,-13547,56260,39515,23276,13726,27273
2024-04-16,14570,-11726,62857,41195,26625,18019,29745
2024-04-23,14402,-12047,58570,36823,22421,18254,30301
2024-04-30,10607,-8551,58811,33942,23335,21514,30065
2024-05-07,13792,-11191,55822,33531,19739,19060,30251
2024-05-14,12162,-11200,55640,32451,20289,19284,30484
2024-05-21,2744,-1370,49105,23061,20317,22599,23969
2024-05-28,-1779,2046,57525,25013,26792,26916,24870
2024-06-04,-7663,7205,54758,19065,26728,29791,22586
2024-06-11,-11704,10978,65785,24988,36692,33376,22398
2024-06-18,-22510,20329,58436,12566,35076,39430,19101
2024-06-25,-27567,26642,60495,10779,38346,43711,17069
2024-07-02,-30391,30743,62491,11035,41426,45185,14442
2024-07-09,-26828,25912,59513,11129,37957,41683,15771
2024-07-16,-12102,12561,60953,19484,31586,34473,21912
2024-07-23,-3286,4514,63589,28516,31802,30207,25693
2024-07-30,13964,-11408,76323,44955,30991,27299,38707
2024-08-06,19140,-16751,74141,50442,31302,19843,36594
2024-08-13,16811,-15624,66596,44973,28162,17050,32674
2024-08-20,14000,-13769,66846,42907,28907,18887,32656
2024-08-27,7659,-8316,65108,37932,30273,20648,28964
2024-09-03,-2156,-238,63566,30379,32535,25235,25473
2024-09-10,-347,-3315,63720,31511,31858,21394,24709
2024-09-17,-262,-1890,49301,22813,23075,20758,22648
2024-09-24,-928,-1458,55135,22853,23781,26475,27933
2024-10-01,-5413,1970,61226,25264,30677,29168,27198
2024-10-08,-3503,1281,57037,25088,28591,26287,25006
2024-10-15,-1122,-292,54894,24748,25870,25079,25371
2024-10-22,-540,-323,55605,25148,25688,25821,26144
2024-10-29,3607,-2167,58020,27850,24243,26077,28244
2024-11-05,9620,-8199,59800,34368,24748,21855,30054
2024-11-12,13012,-11660,64216,37696,24684,22871,34531
2024-11-19,21323,-18438,72846,47092,25769,21762,40200
2024-11-26,27887,-24381,79001,53098,25211,21408,45789
2024-12-03,25730,-23308,80220,53338,27608,21213,44521
2024-12-10,31847,-28207,98096,69879,38032,19605,47812
2024-12-17,46323,-42507,80998,68108,21785,9370,51877
2024-12-24,49247,-46017,84775,71001,21754,10244,56261
2024-12-31,51512,-48315,88125,71830,20318,12766,61081
2025-01-07,57093,-54624,92127,77759,20666,10439,65063
2025-01-14,54644,-52089,92053,77144,22500,10921,63010
2025-01-21,53841,-51223,90600,77776,23935,8938,60161
2025-01-28,49651,-47031,83969,72468,22817,7898,54929
2025-02-04,51675,-49090,83998,71989,20314,8327,57417
2025-02-11,51398,-49336,87118,71567,20169,11218,60554
2025-02-18,53832,-52163,89366,71887,18055,13048,65211
2025-02-25,55044,-53709,90322,72094,17050,13628,67337
2025-03-04,58610,-55765,99433,77550,18940,17843,73608
2025-03-11,55326,-52931,117627,94892,39566,16282,69213
2025-03-18,41891,-40444,84543,64529,22638,15954,56398
2025-03-25,42865,-41567,82270,64617,21752,13435,55002
2025-04-01,46893,-45048,81797,66892,19999,11164,56212
2025-04-08,41292,-39152,72109,61022,19730,7935,47087
2025-04-15,34523,-33078,66702,54047,19524,8761,41839
2025-04-22,27449,-26895,62689,48333,20884,9897,36792
2025-04-29,21302,-21523,63075,46070,24768,12170,33693
2025-05-06,22830,-23135,60509,45115,22285,10188,33323
2025-05-13,22116,-22612,60757,45320,23204,10207,32819
2025-05-20,24260,-23652,61056,46591,22331,9981,33633
2025-05-27,24368,-24386,59262,45071,20703,9093,33479
2025-06-03,23601,-23674,67925,51514,27913,9531,33205
2025-06-10,20783,-21235,78867,58294,37511,9312,30547
2025-06-17,140,-1273,47833,24250,24110,14571,15844
2025-06-24,-3877,2770,44217,17004,20881,18619,15849
2025-07-01,-5764,4150,42303,14526,20290,18315,14165
2025-07-08,-6939,4921,43037,14023,20962,18984,14063
2025-07-15,-4003,3635,41959,16041,20044,16623,12988
2025-07-22,3291,-3162,44100,22656,19365,11955,15117
2025-07-29,1163,-2091,46587,23295,22132,13080,15171
2025-08-05,6159,-4833,48090,27755,21596,11085,15918
2025-08-12,5799,-4687,48240,27937,22138,11160,15847
2025-08-19,5069,-4070,47495,25428,20359,12986,17056
2025-08-26,7911,-6105,53094,28377,20466,17143,23248
2025-09-02,8096,-6474,55035,29585,21489,17462,23936
2025-09-09,10841,-8743,71602,38065,27224,15479,24222
2025-09-16,19416,-18004,49146,34634,15218,9251,27255
2025-09-23,22571,-21120,56346,37503,14932,12295,33415
2025-09-30,22439,-20625,68651,39737,17298,23582,44207
2025-10-07,25900,-24423,72345,44976,19076,22866,47289
2025-10-14,32055,-29741,82509,52172,20117,25599,55340
2025-10-21,37945,-36275,89666,59445,21500,25478,61753
2025-10-28,36996,-34966,88049,59007,22011,24330,59296
2025-11-04,38967,-37412,91568,59715,20748,25314,62726
2025-11-10,46085,-44069,102883,67898,21813,28677,72746
2025-11-18,51488,-49257,103502,72569,21081,24211,73468
2025-11-25,54105,-52071,107180,76573,22468,23477,75548
2025-12-02,55927,-53116,104251,79164,23237,18394,71510
2025-12-09,58511,-56781,114432,82051,23540,14333,71114
2025-12-16,49258,-48043,103974,66845,17587,8129,56172
2025-12-23,44925,-44034,82159,65300,20375,9596,53630
2025-12-30,43799,-43254,79352,63607,19808,8706,51960
2026-01-06,44220,-43363,84556,64978,20758,12971,56334
2026-01-13,49362,-48851,85211,69662,20300,9613,58464
2026-01-20,50811,-49610,92661,73619,22808,13670,63280
2026-01-27,48868,-47745,85552,69085,20217,12074,59819
2026-02-03,34376,-34294,71304,54596,20220,11883,46177
2026-02-10,33683,-34919,71848,54116,20433,11801,46720
2026-02-17,33709,-35013,73004,55719,22010,11183,46196
2026-02-24,27657,-29567,71503,50226,22569,13839,43406
2026-03-03,33689,-34334,79462,55324,21635,13176,47510
2026-03-10,37007,-37111,84215,64110,27103,10944,48055
2026-03-17,23860,-23057,64084,49317,25457,10998,34055
2026-03-24,27694,-27006,65011,50393,22699,10847,37853
2026-03-31,29446,-28588,70805,55919,26473,10663,39251
2026-04-07,37071,-36075,76952,59568,22497,12636,48711
2026-04-14,43712,-42276,80727,66965,23253,10112,52388
2026-04-21,48983,-48454,82508,70056,21073,7917,56371
2026-04-28,47550,-46322,83529,70524,22974,9044,55366
2026-05-05,49327,-48251,85340,72581,23254,9063,57314
2026-05-12,41517,-39150,86227,71004,29487,11846,50996
2026-05-19,43497,-40613,92545,76920,33423,12319,52932
2026-05-26,36990,-34179,91414,75380,38390,11721,45900
2026-06-02,30606,-28246,136648,110580,79974,8460,36706
