ts,sym,decision_epoch,digit,sigma,ctype,barrier,model_p,model_ev,rtt_ms,cid,status,pnl,exit_lag_s
16:24:41,JD100,1781713478,,3.436,DIGITOVER,4,0.5501,0.0744,187,2455522219,won,0.31,1
16:24:43,JD100,1781713479,,3.434,DIGITMATCH,5,0.1192,0.0644,167,2455523679,lost,-0.35,1
16:24:45,JD100,1781713480,,3.432,DIGITMATCH,4,0.1192,0.0647,179,2455524539,won,2.78,1
16:24:47,JD100,1781713481,,3.431,DIGITMATCH,4,0.1193,0.0651,169,2455526599,lost,-0.35,1
16:24:49,JD100,1781713482,,3.429,DIGITUNDER,5,0.5506,0.0752,205,2455527719,won,0.31,1
16:24:51,JD100,1781713483,,3.427,DIGITUNDER,5,0.5507,0.0755,186,2455529219,won,0.31,1
16:24:53,JD100,1781713484,,3.426,DIGITMATCH,4,0.1194,0.0663,201,2455530059,lost,-0.35,1
16:24:55,JD100,1781713485,,3.426,DIGITOVER,6,0.3508,0.1242,192,2455531539,lost,-0.35,1
16:24:57,JD100,1781713486,,3.426,DIGITMATCH,5,0.1194,0.0662,176,2455532459,lost,-0.35,1
16:24:59,JD100,1781713487,,3.425,DIGITMATCH,4,0.1194,0.0666,150,2455533819,won,2.78,1
16:25:01,JD100,1781713488,,3.423,DIGITMATCH,4,0.1195,0.0670,189,2455534739,lost,-0.35,1
16:25:04,JD100,1781713489,,3.426,DIGITUNDER,2,0.2351,0.1089,147,2455536519,lost,-0.35,1
16:25:06,JD100,1781713490,,3.426,DIGITUNDER,5,0.5508,0.0757,278,2455537619,won,0.31,1
16:25:08,JD100,1781713491,,3.425,DIGITUNDER,3,0.3509,0.1246,164,2455539199,lost,-0.35,1
16:25:10,JD100,1781713492,,3.424,DIGITMATCH,4,0.1195,0.0666,182,2455539959,lost,-0.35,1
16:25:12,JD100,1781713493,,3.424,DIGITOVER,5,0.4569,0.1090,163,2455541279,lost,-0.35,1
16:25:14,JD100,1781713494,,3.423,DIGITMATCH,5,0.1195,0.0669,187,2455542259,lost,-0.35,1
16:25:16,JD100,1781713495,,3.422,DIGITUNDER,5,0.5511,0.0762,153,2455543659,won,0.31,1
16:25:18,JD100,1781713496,,3.420,DIGITUNDER,4,0.4572,0.1097,187,2455545779,lost,-0.35,1
16:25:20,JD100,1781713497,,3.422,DIGITOVER,5,0.4571,0.1093,178,2455548519,won,0.48,1
16:25:22,JD100,1781713498,,3.421,DIGITOVER,6,0.3512,0.1255,158,2455549819,won,0.75,1
16:25:24,JD100,1781713499,,3.419,DIGITOVER,6,0.3513,0.1259,140,2455551639,won,0.75,1
16:25:26,JD100,1781713500,,3.417,DIGITOVER,6,0.3514,0.1262,172,2455553759,won,0.75,1
16:25:29,JD100,1781713501,,3.416,DIGITOVER,5,0.4576,0.1105,188,2455555499,won,0.48,1
16:25:31,JD100,1781713502,,3.414,DIGITOVER,4,0.5516,0.0772,173,2455556779,won,0.31,1
16:25:33,JD100,1781713503,,3.413,DIGITOVER,4,0.5517,0.0775,184,2455558239,lost,-0.35,1
16:25:35,JD100,1781713504,,3.413,DIGITUNDER,4,0.4578,0.1110,204,2455559159,lost,-0.35,1
16:25:37,JD100,1781713505,,3.412,DIGITMATCH,4,0.1198,0.0695,1089,2455563339,lost,-0.35,2
16:25:39,JD100,1781713507,,3.411,DIGITUNDER,3,0.3518,0.1276,202,2455566439,won,0.75,1
16:25:41,JD100,1781713508,,3.410,DIGITUNDER,2,0.2359,0.1127,189,2455567219,lost,-0.35,1
16:25:43,JD100,1781713509,,3.408,DIGITOVER,7,0.2360,0.1130,186,2455568319,lost,-0.35,1
16:25:45,JD100,1781713510,,3.407,DIGITOVER,5,0.4582,0.1122,168,2455569419,lost,-0.35,1
16:25:47,JD100,1781713511,,3.408,DIGITUNDER,3,0.3521,0.1284,164,2455570999,lost,-0.35,1
16:25:49,JD100,1781713512,,3.408,DIGITOVER,5,0.4581,0.1119,200,2455571819,won,0.48,1
16:25:51,JD100,1781713513,,3.407,DIGITOVER,5,0.4583,0.1122,172,2455573319,won,0.48,1
16:25:53,JD100,1781713514,,3.405,DIGITOVER,5,0.4584,0.1125,171,2455574419,won,0.48,1
16:25:55,JD100,1781713515,,3.404,DIGITOVER,4,0.5523,0.0787,144,2455575879,lost,-0.35,1
16:25:57,JD100,1781713516,,3.403,DIGITUNDER,5,0.5524,0.0788,182,2455576899,won,0.31,1
16:25:59,JD100,1781713517,,3.403,DIGITUNDER,2,0.2362,0.1143,195,2455578359,won,1.3,1
16:26:01,JD100,1781713518,,3.401,DIGITUNDER,2,0.2363,0.1146,174,2455579459,lost,-0.35,1
16:26:03,JD100,1781713519,,3.400,DIGITUNDER,4,0.4588,0.1135,164,2455581019,lost,-0.35,1
16:26:05,JD100,1781713520,,3.400,DIGITMATCH,5,0.1201,0.0725,559,2455583079,lost,-0.35,1
16:26:08,JD100,1781713521,,3.398,DIGITMATCH,4,0.1202,0.0728,165,2455583879,lost,-0.35,1
16:26:10,JD100,1781713522,,3.402,DIGITOVER,6,0.3525,0.1297,182,2455585079,won,0.75,1
16:26:12,JD100,1781713523,,3.400,DIGITOVER,5,0.4588,0.1135,185,2455586599,lost,-0.35,1
16:26:14,JD100,1781713524,,3.399,DIGITMATCH,5,0.1201,0.0726,198,2455587559,lost,-0.35,1
16:26:16,JD100,1781713525,,3.400,DIGITOVER,7,0.2364,0.1150,161,2455588959,won,1.3,1
16:26:18,JD100,1781713526,,3.398,DIGITOVER,6,0.3527,0.1305,149,2455590099,lost,-0.35,1
16:26:20,JD100,1781713527,,3.398,DIGITMATCH,5,0.1202,0.0729,208,2455591559,lost,-0.35,1
16:26:22,JD100,1781713528,,3.399,DIGITOVER,7,0.2364,0.1152,167,2455592419,lost,-0.35,1
16:26:24,JD100,1781713529,,3.398,DIGITUNDER,3,0.3528,0.1307,156,2455593859,won,0.75,1
16:26:26,JD100,1781713530,,3.396,DIGITUNDER,4,0.4591,0.1143,174,2455595159,lost,-0.35,1
16:26:28,JD100,1781713531,,3.397,DIGITOVER,6,0.3528,0.1309,143,2455596779,lost,-0.35,1
16:26:30,JD100,1781713532,,3.400,DIGITMATCH,4,0.1201,0.0724,171,2455598279,lost,-0.35,1
16:26:32,JD100,1781713533,,3.399,DIGITUNDER,5,0.5527,0.0794,163,2455599659,lost,-0.35,1
16:26:34,JD100,1781713534,,3.398,DIGITOVER,4,0.5527,0.0794,380,2455603399,won,0.31,1
16:26:36,JD100,1781713535,,3.397,DIGITOVER,6,0.3528,0.1308,155,2455604939,lost,-0.35,1
16:26:38,JD100,1781713536,,3.398,DIGITUNDER,4,0.4590,0.1139,160,2455605819,lost,-0.35,1
16:26:40,JD100,1781713537,,3.400,DIGITOVER,5,0.4588,0.1136,127,2455607479,lost,-0.35,1
16:26:43,JD100,1781713538,,3.402,DIGITUNDER,4,0.4587,0.1132,186,2455608979,won,0.48,1
16:26:45,JD100,1781713539,,3.400,DIGITUNDER,5,0.5526,0.0792,160,2455610379,lost,-0.35,1
16:26:47,JD100,1781713540,,3.405,DIGITOVER,4,0.5522,0.0785,158,2455611519,lost,-0.35,1
16:26:49,JD100,1781713541,,3.404,DIGITMATCH,4,0.1200,0.0714,157,2455612899,lost,-0.35,1
16:26:51,JD100,1781713542,,3.406,DIGITOVER,7,0.2361,0.1135,158,2455614039,lost,-0.35,1
16:26:53,JD100,1781713543,,3.405,DIGITOVER,5,0.4584,0.1126,152,2455615799,won,0.48,1
16:26:55,JD100,1781713544,,3.404,DIGITOVER,7,0.2362,0.1140,166,2455616979,lost,-0.35,1
16:26:57,JD100,1781713545,,3.403,DIGITUNDER,2,0.2362,0.1143,166,2455618599,won,1.3,1
16:26:59,JD100,1781713546,,3.401,DIGITUNDER,2,0.2363,0.1147,163,2455619779,lost,-0.35,1
16:27:01,JD100,1781713547,,3.400,DIGITOVER,6,0.3526,0.1302,172,2455621299,lost,-0.35,1
16:27:03,JD100,1781713548,,3.399,DIGITUNDER,2,0.2364,0.1152,162,2455622259,lost,-0.35,1
16:27:05,JD100,1781713549,,3.397,DIGITOVER,7,0.2365,0.1155,166,2455623619,lost,-0.35,1
16:27:07,JD100,1781713550,,3.396,DIGITOVER,5,0.4591,0.1142,181,2455624519,won,0.48,1
16:27:09,JD100,1781713551,,3.395,DIGITOVER,4,0.5529,0.0799,157,2455626119,won,0.31,1
16:27:11,JD100,1781713552,,3.393,DIGITMATCH,5,0.1203,0.0740,176,2455627239,lost,-0.35,1
16:27:14,JD100,1781713553,,3.394,DIGITOVER,7,0.2366,0.1163,190,2455628879,lost,-0.35,1
16:27:16,JD100,1781713554,,3.393,DIGITOVER,5,0.4594,0.1149,197,2455629939,won,0.48,1
16:27:18,JD100,1781713555,,3.392,DIGITOVER,5,0.4595,0.1152,139,2455631179,won,0.48,1
16:27:20,JD100,1781713556,,3.390,DIGITOVER,7,0.2368,0.1171,199,2455632559,lost,-0.35,1
16:27:22,JD100,1781713557,,3.392,DIGITMATCH,4,0.1203,0.0743,159,2455634279,lost,-0.35,1
16:27:24,JD100,1781713558,,3.393,DIGITUNDER,2,0.2367,0.1165,139,2455635239,lost,-0.35,1
16:27:26,JD100,1781713559,,3.393,DIGITOVER,5,0.4594,0.1149,154,2455636739,won,0.48,1
16:27:28,JD100,1781713560,,3.392,DIGITOVER,7,0.2368,0.1169,163,2455638019,won,1.3,1
16:27:30,JD100,1781713561,,3.390,DIGITOVER,7,0.2369,0.1172,170,2455640099,lost,-0.35,1
16:27:32,JD100,1781713562,,3.389,DIGITOVER,5,0.4597,0.1156,162,2455641499,won,0.48,1
16:27:34,JD100,1781713563,,3.387,DIGITOVER,5,0.4598,0.1159,133,2455642659,lost,-0.35,0
16:27:36,JD100,1781713564,,3.389,DIGITUNDER,4,0.4597,0.1156,194,2455643759,lost,-0.35,1
16:27:38,JD100,1781713565,,3.389,DIGITMATCH,5,0.1204,0.0751,168,2455645119,lost,-0.35,1
16:27:40,JD100,1781713566,,3.390,DIGITOVER,7,0.2369,0.1173,162,2455646239,lost,-0.35,1
16:27:43,JD100,1781713567,,3.388,DIGITUNDER,2,0.2369,0.1177,157,2455648219,lost,-0.35,1
16:27:45,JD100,1781713568,,3.387,DIGITOVER,7,0.2370,0.1180,188,2455649119,lost,-0.35,1
16:27:47,JD100,1781713569,,3.387,DIGITMATCH,5,0.1205,0.0755,166,2455650859,lost,-0.35,1
16:27:49,JD100,1781713570,,3.388,DIGITOVER,7,0.2370,0.1177,175,2455652299,won,1.3,1
16:27:51,JD100,1781713571,,3.386,DIGITOVER,7,0.2370,0.1181,172,2455653719,lost,-0.35,1
16:27:53,JD100,1781713572,,3.385,DIGITUNDER,3,0.3537,0.1335,171,2455654939,won,0.75,1
16:27:55,JD100,1781713573,,3.384,DIGITUNDER,2,0.2372,0.1186,318,2455658659,lost,-0.35,1
16:27:57,JD100,1781713574,,3.383,DIGITOVER,7,0.2372,0.1190,162,2455659919,lost,-0.35,1
16:27:59,JD100,1781713575,,3.381,DIGITUNDER,2,0.2373,0.1193,139,2455661499,lost,-0.35,1
16:28:01,JD100,1781713576,,3.380,DIGITOVER,6,0.3540,0.1347,170,2455662859,lost,-0.35,1
16:28:03,JD100,1781713577,,3.379,DIGITOVER,4,0.5541,0.0821,169,2455664539,won,0.31,1
16:28:05,JD100,1781713578,,3.378,DIGITOVER,4,0.5542,0.0823,158,2455665479,won,0.31,1
16:28:07,JD100,1781713579,,3.376,DIGITOVER,4,0.5543,0.0825,161,2455666719,won,0.31,1
16:28:09,JD100,1781713580,,3.375,DIGITOVER,4,0.5544,0.0828,206,2455667899,lost,-0.35,1
16:28:11,JD100,1781713581,,3.374,DIGITUNDER,5,0.5544,0.0828,193,2455669459,lost,-0.35,1
16:28:14,JD100,1781713582,,3.374,DIGITOVER,4,0.5545,0.0828,162,2455670719,lost,-0.35,1
16:28:16,JD100,1781713583,,3.376,DIGITUNDER,3,0.3544,0.1357,142,2455671839,won,0.75,1
16:28:18,JD100,1781713584,,3.374,DIGITUNDER,2,0.2376,0.1209,139,2455672919,lost,-0.35,1
16:28:20,JD100,1781713585,,3.378,DIGITOVER,4,0.5542,0.0823,157,2455674339,won,0.31,1
16:28:22,JD100,1781713586,,3.376,DIGITOVER,4,0.5543,0.0825,157,2455675459,won,0.31,1
16:28:24,JD100,1781713587,,3.375,DIGITMATCH,5,0.1208,0.0786,183,2455677099,lost,-0.35,1
16:28:26,JD100,1781713588,,3.380,DIGITOVER,6,0.3541,0.1348,153,2455680479,lost,-0.35,1
16:28:28,JD100,1781713589,,3.379,DIGITUNDER,3,0.3541,0.1349,135,2455681979,lost,-0.35,1
16:28:30,JD100,1781713590,,3.380,DIGITOVER,5,0.4604,0.1174,127,2455683099,lost,-0.35,1
16:28:32,JD100,1781713591,,3.381,DIGITUNDER,5,0.5540,0.0819,157,2455684399,won,0.31,1
16:28:34,JD100,1781713592,,3.379,DIGITUNDER,5,0.5541,0.0821,189,2455685299,lost,-0.35,1
16:28:36,JD100,1781713593,,3.379,DIGITOVER,4,0.5541,0.0822,134,2455686879,lost,-0.35,1
16:28:38,JD100,1781713594,,3.379,DIGITUNDER,4,0.4605,0.1175,164,2455688039,won,0.48,1
16:28:41,JD100,1781713595,,3.378,DIGITUNDER,4,0.4606,0.1178,125,2455689219,lost,-0.35,1
16:28:43,JD100,1781713596,,3.378,DIGITMATCH,5,0.1207,0.0779,195,2455690159,lost,-0.35,1
16:28:45,JD100,1781713597,,3.378,DIGITUNDER,3,0.3542,0.1351,145,2455691839,won,0.75,1
16:28:47,JD100,1781713598,,3.377,DIGITUNDER,3,0.3543,0.1355,203,2455693619,lost,-0.35,1
16:28:49,JD100,1781713599,,3.377,DIGITOVER,5,0.4606,0.1179,165,2455694999,won,0.48,1
16:28:51,JD100,1781713600,,3.376,DIGITOVER,6,0.3543,0.1357,190,2455696179,lost,-0.35,1
16:28:53,JD100,1781713601,,3.376,DIGITUNDER,4,0.4607,0.1181,142,2455697719,lost,-0.35,1
16:28:55,JD100,1781713602,,3.376,DIGITMATCH,4,0.1208,0.0784,165,2455699119,lost,-0.35,1
16:28:57,JD100,1781713603,,3.376,DIGITUNDER,2,0.2375,0.1205,144,2455700659,lost,-0.35,1
16:28:59,JD100,1781713604,,3.377,DIGITOVER,4,0.5542,0.0824,373,2455704799,won,0.31,1
16:29:01,JD100,1781713605,,3.388,DIGITOVER,4,0.5534,0.0808,134,2455705979,won,0.31,1
16:29:03,JD100,1781713606,,3.387,DIGITOVER,6,0.3535,0.1330,194,2455707319,won,0.75,1
16:29:06,JD100,1781713607,,3.386,DIGITOVER,7,0.2371,0.1182,148,2455708639,lost,-0.35,1
16:29:08,JD100,1781713608,,3.386,DIGITOVER,4,0.5536,0.0812,162,2455709679,lost,-0.35,1
16:29:10,JD100,1781713609,,3.393,DIGITMATCH,4,0.1203,0.0742,236,2455711259,won,2.78,1
16:29:12,JD100,1781713610,,3.391,DIGITMATCH,4,0.1203,0.0746,198,2455712359,lost,-0.35,1
16:29:14,JD100,1781713611,,3.394,DIGITUNDER,2,0.2366,0.1162,124,2455713779,won,1.3,1
16:29:16,JD100,1781713612,,3.393,DIGITUNDER,2,0.2367,0.1166,152,2455715119,won,1.3,1
16:29:18,JD100,1781713613,,3.391,DIGITUNDER,3,0.3532,0.1321,165,2455716419,won,0.75,1
16:29:20,JD100,1781713614,,3.390,DIGITUNDER,4,0.4596,0.1154,153,2455717519,won,0.48,1
16:29:22,JD100,1781713615,,3.397,DIGITUNDER,2,0.2365,0.1157,150,2455719239,lost,-0.35,1
16:29:24,JD100,1781713616,,3.396,DIGITUNDER,4,0.4591,0.1143,164,2455720219,lost,-0.35,1
16:29:26,JD100,1781713617,,3.396,DIGITOVER,6,0.3529,0.1309,167,2455721879,won,0.75,1
16:29:29,JD100,1781713618,,3.395,DIGITOVER,7,0.2366,0.1161,167,2455724079,lost,-0.35,1
16:29:31,JD100,1781713619,,3.396,DIGITUNDER,5,0.5529,0.0798,147,2455725619,lost,-0.35,1
16:29:33,JD100,1781713620,,3.396,DIGITOVER,7,0.2365,0.1158,143,2455726819,lost,-0.35,1
16:29:35,JD100,1781713621,,3.396,DIGITUNDER,4,0.4591,0.1143,166,2455728399,lost,-0.35,1
16:29:37,JD100,1781713622,,3.396,DIGITOVER,6,0.3529,0.1309,147,2455729819,lost,-0.35,1
16:29:39,JD100,1781713623,,3.395,DIGITUNDER,2,0.2366,0.1160,151,2455731199,lost,-0.35,1
16:29:41,JD100,1781713624,,3.395,DIGITOVER,5,0.4592,0.1145,197,2455732079,lost,-0.35,1
16:29:43,JD100,1781713625,,3.400,DIGITMATCH,4,0.1201,0.0724,145,2455733979,lost,-0.35,1
16:29:45,JD100,1781713626,,3.400,DIGITUNDER,3,0.3526,0.1302,191,2455734919,lost,-0.35,1
16:29:47,JD100,1781713627,,3.401,DIGITOVER,4,0.5525,0.0790,128,2455736199,won,0.31,1
16:29:49,JD100,1781713628,,3.400,DIGITMATCH,5,0.1201,0.0724,182,2455737379,lost,-0.35,1
16:29:51,JD100,1781713629,,3.399,DIGITOVER,5,0.4589,0.1137,164,2455738899,lost,-0.35,1
16:29:53,JD100,1781713630,,3.404,DIGITMATCH,4,0.1200,0.0715,188,2455740099,lost,-0.35,1
16:29:55,JD100,1781713631,,3.402,DIGITUNDER,5,0.5524,0.0789,426,2455743479,won,0.31,1
16:29:57,JD100,1781713632,,3.401,DIGITUNDER,5,0.5525,0.0791,300,2455745659,won,0.31,1
16:30:00,JD100,1781713633,,3.401,DIGITUNDER,2,0.2363,0.1148,148,2455747659,lost,-0.35,1
16:30:02,JD100,1781713634,,3.400,DIGITUNDER,4,0.4588,0.1136,185,2455748759,won,0.48,1
16:30:04,JD100,1781713635,,3.398,DIGITUNDER,3,0.3527,0.1305,177,2455750079,won,0.75,1
16:30:06,JD100,1781713636,,3.397,DIGITUNDER,4,0.4590,0.1141,150,2455751579,won,0.48,1
16:30:08,JD100,1781713637,,3.406,DIGITUNDER,3,0.3522,0.1288,141,2455752979,lost,-0.35,1
16:30:10,JD100,1781713638,,3.411,DIGITMATCH,4,0.1198,0.0699,180,2455753919,won,2.78,1
16:30:12,JD100,1781713639,,3.409,DIGITMATCH,4,0.1199,0.0702,200,2455755439,lost,-0.35,1
16:30:14,JD100,1781713640,,3.409,DIGITUNDER,3,0.3520,0.1282,257,2455756239,lost,-0.35,1
16:30:16,JD100,1781713641,,3.415,DIGITOVER,7,0.2356,0.1114,158,2455758019,lost,-0.35,1
16:30:18,JD100,1781713642,,3.418,DIGITUNDER,5,0.5513,0.0767,282,2455761559,won,0.31,1
16:30:21,JD100,1781713643,,3.417,DIGITUNDER,4,0.4575,0.1103,160,2455762919,won,0.48,1
16:30:23,JD100,1781713644,,3.416,DIGITUNDER,4,0.4576,0.1106,192,2455763899,won,0.48,1
16:30:25,JD100,1781713645,,3.414,DIGITUNDER,4,0.4577,0.1108,165,2455765179,lost,-0.35,1
16:30:27,JD100,1781713646,,3.414,DIGITMATCH,5,0.1197,0.0691,177,2455766139,lost,-0.35,1
16:30:29,JD100,1781713647,,3.413,DIGITUNDER,4,0.4577,0.1110,166,2455767539,won,0.48,1
16:30:31,JD100,1781713648,,3.412,DIGITUNDER,4,0.4579,0.1112,183,2455769599,won,0.48,1
16:30:33,JD100,1781713649,,3.411,DIGITUNDER,4,0.4580,0.1115,152,2455771719,lost,-0.35,1
16:30:35,JD100,1781713650,,3.412,DIGITOVER,5,0.4578,0.1112,174,2455772839,won,0.48,1
16:30:37,JD100,1781713651,,3.411,DIGITOVER,4,0.5518,0.0777,164,2455774339,won,0.31,1
16:30:39,JD100,1781713652,,3.410,DIGITMATCH,5,0.1198,0.0701,166,2455775379,won,2.78,1
16:30:41,JD100,1781713653,,3.408,DIGITMATCH,5,0.1199,0.0705,205,2455776579,lost,-0.35,1
16:30:43,JD100,1781713654,,3.407,DIGITOVER,4,0.5521,0.0783,176,2455777719,won,0.31,1
16:30:45,JD100,1781713655,,3.405,DIGITMATCH,5,0.1200,0.0711,153,2455779019,lost,-0.35,1
16:30:47,JD100,1781713656,,3.404,DIGITMATCH,4,0.1200,0.0714,159,2455780039,won,2.78,1
16:30:49,JD100,1781713657,,3.403,DIGITMATCH,4,0.1200,0.0718,140,2455781479,lost,-0.35,1
16:30:51,JD100,1781713658,,3.406,DIGITUNDER,2,0.2361,0.1136,153,2455782539,won,1.3,1
16:30:54,JD100,1781713659,,3.404,DIGITUNDER,2,0.2361,0.1139,160,2455783999,lost,-0.35,1
16:30:56,JD100,1781713660,,3.403,DIGITUNDER,4,0.4585,0.1129,175,2455785079,won,0.48,1
16:30:58,JD100,1781713661,,3.402,DIGITUNDER,5,0.5524,0.0789,192,2455786499,lost,-0.35,1
16:31:00,JD100,1781713662,,3.402,DIGITOVER,4,0.5525,0.0790,168,2455787699,won,0.31,1
16:31:02,JD100,1781713663,,3.400,DIGITOVER,4,0.5526,0.0792,246,2455789159,won,0.31,1
16:31:04,JD100,1781713664,,3.399,DIGITMATCH,5,0.1201,0.0727,158,2455790019,lost,-0.35,1
16:31:06,JD100,1781713665,,3.398,DIGITUNDER,5,0.5527,0.0795,269,2455791499,won,0.31,1
16:31:08,JD100,1781713666,,3.397,DIGITUNDER,3,0.3528,0.1308,209,2455792719,lost,-0.35,1
16:31:10,JD100,1781713667,,3.396,DIGITUNDER,5,0.5529,0.0797,198,2455794239,won,0.31,1
16:31:12,JD100,1781713668,,3.395,DIGITUNDER,5,0.5530,0.0799,168,2455795219,won,0.31,1
16:31:14,JD100,1781713669,,3.393,DIGITMATCH,4,0.1203,0.0740,161,2455796459,lost,-0.35,1
16:31:16,JD100,1781713670,,3.393,DIGITOVER,5,0.4593,0.1148,271,2455797879,won,0.48,1
16:31:18,JD100,1781713671,,3.392,DIGITOVER,5,0.4595,0.1151,138,2455799319,won,0.48,1
16:31:20,JD100,1781713672,,3.391,DIGITOVER,7,0.2368,0.1170,145,2455800319,won,1.3,1
16:31:23,JD100,1781713673,,3.389,DIGITOVER,7,0.2369,0.1174,168,2455801659,lost,-0.35,1
16:31:25,JD100,1781713674,,3.390,DIGITMATCH,5,0.1204,0.0749,943,2455804359,won,2.78,2
16:31:27,JD100,1781713675,,3.393,DIGITOVER,7,0.2367,0.1165,151,2455804419,lost,-0.35,1
16:31:29,JD100,1781713676,,3.394,DIGITMATCH,5,0.1203,0.0740,187,2455805419,won,2.78,1
16:31:31,JD100,1781713677,,3.392,DIGITMATCH,5,0.1203,0.0743,156,2455807139,lost,-0.35,1
16:31:33,JD100,1781713678,,3.391,DIGITMATCH,4,0.1204,0.0747,177,2455808759,lost,-0.35,1
16:31:35,JD100,1781713679,,3.390,DIGITUNDER,5,0.5533,0.0806,142,2455809899,won,0.31,1
16:31:37,JD100,1781713681,,3.387,DIGITUNDER,4,0.4598,0.1160,155,2455812979,lost,-0.35,1
16:31:39,JD100,1781713682,,3.388,DIGITOVER,4,0.5534,0.0809,935,2455815159,won,0.31,2
16:31:41,JD100,1781713684,,3.386,DIGITOVER,5,0.4599,0.1163,192,2455816559,lost,-0.35,1
16:31:43,JD100,1781713685,,3.385,DIGITUNDER,2,0.2371,0.1183,205,2455817839,lost,-0.35,1
16:31:45,JD100,1781713686,,3.384,DIGITOVER,6,0.3537,0.1337,181,2455819399,lost,-0.35,1
16:31:47,JD100,1781713687,,3.385,DIGITMATCH,4,0.1205,0.0761,225,2455821159,lost,-0.35,1
16:31:49,JD100,1781713688,,3.384,DIGITOVER,4,0.5537,0.0814,188,2455822099,won,0.31,1
16:31:51,JD100,1781713689,,3.383,DIGITOVER,5,0.4602,0.1168,164,2455823419,won,0.48,1
16:31:53,JD100,1781713690,,3.382,DIGITOVER,7,0.2373,0.1191,162,2455824579,won,1.3,1
16:31:55,JD100,1781713691,,3.381,DIGITOVER,6,0.3540,0.1346,170,2455826319,lost,-0.35,1
16:31:57,JD100,1781713692,,3.382,DIGITUNDER,5,0.5538,0.0817,175,2455827399,lost,-0.35,1
16:32:00,JD100,1781713693,,3.385,DIGITOVER,7,0.2371,0.1183,137,2455828759,lost,-0.35,1
16:32:02,JD100,1781713694,,3.384,DIGITUNDER,2,0.2371,0.1186,176,2455829919,won,1.3,1
16:32:04,JD100,1781713695,,3.383,DIGITUNDER,3,0.3538,0.1341,179,2455831159,won,0.75,1
16:32:06,JD100,1781713696,,3.381,DIGITUNDER,3,0.3539,0.1344,162,2455832439,lost,-0.35,1
16:32:08,JD100,1781713697,,3.380,DIGITOVER,7,0.2373,0.1195,179,2455833739,lost,-0.35,1
16:32:10,JD100,1781713698,,3.380,DIGITOVER,5,0.4604,0.1175,142,2455835039,won,0.48,1
16:32:12,JD100,1781713699,,3.378,DIGITOVER,6,0.3542,0.1351,160,2455836599,lost,-0.35,1
16:32:14,JD100,1781713700,,3.381,DIGITUNDER,4,0.4603,0.1172,225,2455837779,won,0.48,1
16:32:16,JD100,1781713701,,3.390,DIGITUNDER,5,0.5533,0.0806,143,2455838999,won,0.31,1
16:32:18,JD100,1781713702,,3.389,DIGITUNDER,2,0.2369,0.1174,205,2455840419,lost,-0.35,1
16:32:20,JD100,1781713703,,3.391,DIGITMATCH,5,0.1204,0.0746,167,2455842139,lost,-0.35,1
16:32:22,JD100,1781713704,,3.390,DIGITMATCH,4,0.1204,0.0749,193,2455843439,won,2.78,1
16:32:24,JD100,1781713705,,3.388,DIGITMATCH,4,0.1204,0.0753,179,2455844959,lost,-0.35,1
16:32:26,JD100,1781713706,,3.388,DIGITUNDER,3,0.3535,0.1329,176,2455846599,won,0.75,1
16:32:28,JD100,1781713707,,3.387,DIGITUNDER,2,0.2370,0.1180,134,2455847859,lost,-0.35,1
16:32:30,JD100,1781713708,,3.386,DIGITOVER,5,0.4599,0.1161,187,2455848979,won,0.48,1
16:32:33,JD100,1781713709,,3.385,DIGITOVER,5,0.4600,0.1164,172,2455850479,won,0.48,1
16:32:35,JD100,1781713710,,3.384,DIGITOVER,7,0.2371,0.1186,144,2455851619,lost,-0.35,1
16:32:37,JD100,1781713711,,3.385,DIGITUNDER,5,0.5537,0.0813,182,2455853179,won,0.31,1
16:32:39,JD100,1781713712,,3.389,DIGITUNDER,2,0.2369,0.1174,159,2455854179,lost,-0.35,1
16:32:41,JD100,1781713713,,3.389,DIGITUNDER,5,0.5534,0.0807,167,2455855639,lost,-0.35,1
16:32:44,JD100,1781713714,,3.389,DIGITOVER,5,0.4596,0.1155,154,2455856819,won,0.48,1
16:32:46,JD100,1781713715,,3.388,DIGITOVER,6,0.3535,0.1328,177,2455858439,won,0.75,1
16:32:48,JD100,1781713716,,3.387,DIGITOVER,7,0.2370,0.1179,183,2455860139,lost,-0.35,1
16:32:50,JD100,1781713717,,3.389,DIGITMATCH,4,0.1204,0.0752,156,2455861939,lost,-0.35,1
16:32:52,JD100,1781713718,,3.387,DIGITMATCH,5,0.1204,0.0755,161,2455863019,lost,-0.35,1
16:32:54,JD100,1781713719,,3.386,DIGITOVER,4,0.5536,0.0811,186,2455864499,lost,-0.35,1
16:32:56,JD100,1781713720,,3.387,DIGITUNDER,4,0.4599,0.1161,341,2455866159,won,0.48,1
16:32:58,JD100,1781713721,,3.386,DIGITUNDER,2,0.2371,0.1182,295,2455867339,lost,-0.35,1
16:33:00,JD100,1781713722,,3.385,DIGITOVER,5,0.4600,0.1163,218,2455868879,lost,-0.35,1
16:33:02,JD100,1781713723,,3.385,DIGITMATCH,5,0.1205,0.0762,287,2455870359,won,2.78,1
16:33:04,JD100,1781713724,,3.383,DIGITMATCH,5,0.1206,0.0765,195,2455871259,lost,-0.35,1
16:33:06,JD100,1781713725,,3.383,DIGITUNDER,4,0.4602,0.1168,154,2455872459,won,0.48,1
16:33:08,JD100,1781713726,,3.382,DIGITUNDER,5,0.5539,0.0817,174,2455873719,lost,-0.35,1
16:33:11,JD100,1781713727,,3.385,DIGITOVER,5,0.4600,0.1165,143,2455875479,lost,-0.35,1
16:33:13,JD100,1781713728,,3.384,DIGITUNDER,2,0.2371,0.1186,167,2455876779,lost,-0.35,1
16:33:15,JD100,1781713729,,3.385,DIGITMATCH,4,0.1205,0.0761,174,2455878139,lost,-0.35,1
16:33:17,JD100,1781713730,,3.384,DIGITMATCH,5,0.1206,0.0764,186,2455879259,lost,-0.35,1
16:33:19,JD100,1781713731,,3.383,DIGITOVER,6,0.3538,0.1339,213,2455881579,lost,-0.35,1
16:33:21,JD100,1781713732,,3.386,DIGITUNDER,4,0.4599,0.1162,201,2455882839,won,0.48,1
16:33:23,JD100,1781713733,,3.385,DIGITUNDER,3,0.3537,0.1336,161,2455884239,lost,-0.35,1
16:33:25,JD100,1781713734,,3.386,DIGITOVER,5,0.4600,0.1163,200,2455885499,lost,-0.35,1
16:33:27,JD100,1781713735,,3.387,DIGITUNDER,4,0.4598,0.1160,161,2455887439,won,0.48,1
16:33:29,JD100,1781713736,,3.386,DIGITUNDER,2,0.2370,0.1181,173,2455888959,lost,-0.35,1
16:33:31,JD100,1781713737,,3.385,DIGITOVER,7,0.2371,0.1184,163,2455890299,lost,-0.35,1
16:33:33,JD100,1781713738,,3.384,DIGITUNDER,2,0.2372,0.1187,189,2455891499,won,1.3,1
16:33:35,JD100,1781713739,,3.382,DIGITUNDER,2,0.2372,0.1190,140,2455893279,lost,-0.35,1
16:33:37,JD100,1781713740,,3.382,DIGITOVER,5,0.4602,0.1170,182,2455894619,lost,-0.35,1
16:33:39,JD100,1781713741,,3.384,DIGITUNDER,4,0.4601,0.1167,183,2455896679,won,0.48,1
16:33:41,JD100,1781713742,,3.382,DIGITUNDER,4,0.4602,0.1169,279,2455898379,won,0.48,1
16:33:43,JD100,1781713743,,3.382,DIGITUNDER,2,0.2373,0.1192,168,2455899699,lost,-0.35,1
16:33:45,JD100,1781713744,,3.383,DIGITMATCH,5,0.1206,0.0765,174,2455900619,lost,-0.35,1
16:33:48,JD100,1781713745,,3.385,DIGITUNDER,2,0.2371,0.1185,298,2455902359,won,1.3,1
16:33:50,JD100,1781713746,,3.393,DIGITUNDER,3,0.3531,0.1318,192,2455903159,lost,-0.35,1
16:33:52,JD100,1781713747,,3.392,DIGITUNDER,5,0.5532,0.0803,142,2455904659,won,0.31,1
16:33:54,JD100,1781713748,,3.392,DIGITUNDER,2,0.2368,0.1169,194,2455906299,lost,-0.35,1
16:33:56,JD100,1781713749,,3.393,DIGITMATCH,5,0.1203,0.0741,159,2455908359,won,2.78,1
16:33:58,JD100,1781713750,,3.392,DIGITMATCH,5,0.1203,0.0744,307,2455911379,won,2.78,1
16:34:00,JD100,1781713751,,3.391,DIGITMATCH,5,0.1204,0.0747,217,2455912839,lost,-0.35,1
16:34:02,JD100,1781713752,,3.395,DIGITOVER,6,0.3530,0.1313,241,2455913819,won,0.75,1
16:34:04,JD100,1781713753,,3.394,DIGITOVER,6,0.3531,0.1316,217,2455915179,lost,-0.35,1
16:34:06,JD100,1781713754,,3.393,DIGITOVER,4,0.5531,0.0802,186,2455916019,lost,-0.35,1
16:34:08,JD100,1781713755,,3.393,DIGITUNDER,4,0.4593,0.1148,347,2455917479,won,0.48,1
16:34:10,JD100,1781713756,,3.399,DIGITUNDER,2,0.2364,0.1151,195,2455918859,lost,-0.35,1
16:34:12,JD100,1781713757,,3.400,DIGITMATCH,4,0.1201,0.0725,148,2455919999,lost,-0.35,1
16:34:14,JD100,1781713758,,3.399,DIGITUNDER,3,0.3527,0.1303,193,2455921219,won,0.75,1
16:34:17,JD100,1781713759,,3.398,DIGITUNDER,2,0.2364,0.1153,164,2455923039,won,1.3,1
16:34:19,JD100,1781713760,,3.397,DIGITUNDER,3,0.3528,0.1308,278,2455923979,lost,-0.35,1
16:34:21,JD100,1781713761,,3.396,DIGITUNDER,5,0.5529,0.0797,161,2455925399,lost,-0.35,1
16:34:23,JD100,1781713762,,3.399,DIGITOVER,7,0.2364,0.1152,188,2455926379,lost,-0.35,1
16:34:25,JD100,1781713763,,3.399,DIGITUNDER,4,0.4589,0.1138,163,2455927719,lost,-0.35,1
16:34:27,JD100,1781713764,,3.399,DIGITOVER,4,0.5526,0.0793,166,2455928839,lost,-0.35,1
16:34:29,JD100,1781713765,,3.401,DIGITUNDER,3,0.3526,0.1300,174,2455930079,lost,-0.35,1
16:34:31,JD100,1781713766,,3.400,DIGITOVER,7,0.2364,0.1149,191,2455931099,lost,-0.35,1
16:34:33,JD100,1781713767,,3.399,DIGITOVER,5,0.4589,0.1137,165,2455932579,lost,-0.35,1
16:34:35,JD100,1781713768,,3.402,DIGITUNDER,5,0.5525,0.0789,199,2455933699,lost,-0.35,1
16:34:37,JD100,1781713769,,3.402,DIGITOVER,7,0.2362,0.1144,165,2455935699,lost,-0.35,1
16:34:39,JD100,1781713770,,3.404,DIGITMATCH,4,0.1200,0.0715,252,2455938359,lost,-0.35,1
16:34:41,JD100,1781713771,,3.403,DIGITUNDER,5,0.5524,0.0788,152,2455939739,won,0.31,1
16:34:43,JD100,1781713772,,3.402,DIGITUNDER,2,0.2362,0.1144,177,2455941239,lost,-0.35,1
16:34:45,JD100,1781713773,,3.403,DIGITMATCH,4,0.1200,0.0717,198,2455942539,lost,-0.35,1
16:34:47,JD100,1781713774,,3.403,DIGITOVER,5,0.4586,0.1130,177,2455943419,won,0.48,1
16:34:49,JD100,1781713775,,3.401,DIGITOVER,6,0.3525,0.1298,166,2455944859,won,0.75,1
16:34:52,JD100,1781713776,,3.400,DIGITOVER,5,0.4588,0.1135,197,2455945939,lost,-0.35,1
16:34:54,JD100,1781713777,,3.402,DIGITUNDER,4,0.4587,0.1132,151,2455947319,won,0.48,1
16:34:56,JD100,1781713778,,3.401,DIGITUNDER,2,0.2363,0.1147,177,2455948659,lost,-0.35,1
16:34:58,JD100,1781713779,,3.401,DIGITOVER,5,0.4588,0.1134,179,2455950299,won,0.48,1
16:35:00,JD100,1781713780,,3.399,DIGITOVER,5,0.4589,0.1137,181,2455951199,won,0.48,1
16:35:02,JD100,1781713781,,3.398,DIGITOVER,7,0.2364,0.1153,168,2455952659,lost,-0.35,1
16:35:04,JD100,1781713782,,3.399,DIGITUNDER,5,0.5527,0.0794,176,2455953639,won,0.31,1
16:35:06,JD100,1781713783,,3.398,DIGITUNDER,5,0.5528,0.0795,242,2455955279,won,0.31,1
16:35:08,JD100,1781713784,,3.397,DIGITUNDER,3,0.3528,0.1309,176,2455956319,lost,-0.35,1
16:35:10,JD100,1781713785,,3.397,DIGITOVER,5,0.4590,0.1141,363,2455957999,won,0.48,1
16:35:12,JD100,1781713786,,3.396,DIGITOVER,7,0.2365,0.1158,154,2455958859,won,1.3,1
16:35:14,JD100,1781713787,,3.395,DIGITOVER,6,0.3530,0.1312,179,2455960639,lost,-0.35,1
16:35:16,JD100,1781713788,,3.395,DIGITMATCH,5,0.1202,0.0737,193,2455961719,lost,-0.35,1
16:35:19,JD100,1781713789,,3.395,DIGITOVER,7,0.2366,0.1160,172,2455963699,won,1.3,1
16:35:21,JD100,1781713790,,3.394,DIGITOVER,6,0.3530,0.1315,211,2455966459,lost,-0.35,1
16:35:23,JD100,1781713791,,3.398,DIGITUNDER,3,0.3527,0.1305,161,2455968499,lost,-0.35,1
16:35:25,JD100,1781713792,,3.399,DIGITOVER,5,0.4589,0.1137,154,2455969479,won,0.48,1
16:35:27,JD100,1781713793,,3.398,DIGITOVER,4,0.5527,0.0795,228,2455971099,lost,-0.35,1
16:35:29,JD100,1781713794,,3.399,DIGITUNDER,3,0.3527,0.1303,187,2455972299,won,0.75,1
16:35:31,JD100,1781713795,,3.398,DIGITUNDER,2,0.2365,0.1154,184,2455973759,lost,-0.35,1
16:35:33,JD100,1781713796,,3.397,DIGITUNDER,4,0.4590,0.1141,228,2455974759,won,0.48,1
16:35:36,JD100,1781713797,,3.396,DIGITUNDER,4,0.4591,0.1143,166,2455976399,won,0.48,1
16:35:38,JD100,1781713798,,3.395,DIGITUNDER,5,0.5530,0.0799,171,2455977959,lost,-0.35,1
16:35:40,JD100,1781713799,,3.396,DIGITOVER,6,0.3529,0.1310,155,2455979379,lost,-0.35,1
16:35:42,JD100,1781713800,,3.396,DIGITMATCH,5,0.1202,0.0734,176,2455980739,lost,-0.35,1
16:35:44,JD100,1781713801,,3.397,DIGITUNDER,2,0.2365,0.1155,291,2455982519,lost,-0.35,1
16:35:46,JD100,1781713802,,3.398,DIGITMATCH,4,0.1202,0.0729,224,2455983739,lost,-0.35,1
16:35:48,JD100,1781713803,,3.397,DIGITMATCH,5,0.1202,0.0732,179,2455984959,lost,-0.35,1
16:35:50,JD100,1781713804,,3.397,DIGITOVER,7,0.2365,0.1155,428,2455989579,lost,-0.35,1
16:35:53,JD100,1781713805,,3.399,DIGITMATCH,4,0.1201,0.0727,206,2455990419,lost,-0.35,1
16:35:55,JD100,1781713806,,3.398,DIGITOVER,5,0.4589,0.1138,218,2455995539,lost,-0.35,1
16:35:57,JD100,1781713807,,3.398,DIGITMATCH,4,0.1202,0.0729,149,2455997279,lost,-0.35,1
16:35:59,JD100,1781713808,,3.401,DIGITOVER,6,0.3526,0.1299,243,2455998079,won,0.75,1
16:36:01,JD100,1781713809,,3.400,DIGITOVER,6,0.3526,0.1302,197,2455999219,lost,-0.35,1
16:36:03,JD100,1781713810,,3.404,DIGITUNDER,3,0.3523,0.1293,149,2456000299,lost,-0.35,1
16:36:05,JD100,1781713811,,3.403,DIGITOVER,6,0.3524,0.1293,156,2456001739,won,0.75,1
16:36:07,JD100,1781713812,,3.402,DIGITOVER,7,0.2362,0.1144,197,2456002939,lost,-0.35,1
16:36:09,JD100,1781713813,,3.402,DIGITOVER,4,0.5524,0.0789,154,2456004059,won,0.31,1
16:36:11,JD100,1781713814,,3.401,DIGITOVER,5,0.4587,0.1134,204,2456005419,won,0.48,1
16:36:13,JD100,1781713815,,3.400,DIGITOVER,5,0.4588,0.1136,171,2456006539,lost,-0.35,1
16:36:15,JD100,1781713816,,3.399,DIGITMATCH,5,0.1201,0.0727,191,2456007319,lost,-0.35,1
16:36:17,JD100,1781713817,,3.398,DIGITOVER,5,0.4590,0.1139,150,2456008659,lost,-0.35,1
16:36:19,JD100,1781713818,,3.398,DIGITUNDER,5,0.5527,0.0794,210,2456009699,won,0.31,1
16:36:21,JD100,1781713819,,3.398,DIGITUNDER,3,0.3528,0.1307,181,2456011159,lost,-0.35,1
16:36:23,JD100,1781713820,,3.397,DIGITMATCH,4,0.1202,0.0731,280,2456012159,lost,-0.35,1
16:36:25,JD100,1781713821,,3.398,DIGITUNDER,2,0.2365,0.1154,198,2456013319,lost,-0.35,1
16:36:27,JD100,1781713822,,3.404,DIGITUNDER,4,0.4585,0.1128,198,2456014599,lost,-0.35,1
16:36:30,JD100,1781713823,,3.403,DIGITMATCH,5,0.1200,0.0716,185,2456015979,lost,-0.35,1
16:36:32,JD100,1781713824,,3.402,DIGITOVER,5,0.4586,0.1131,178,2456016779,won,0.48,1
16:36:34,JD100,1781713825,,3.401,DIGITOVER,5,0.4587,0.1133,168,2456018059,lost,-0.35,1
16:36:36,JD100,1781713826,,3.403,DIGITUNDER,4,0.4586,0.1130,188,2456019299,lost,-0.35,1
16:36:38,JD100,1781713827,,3.404,DIGITOVER,5,0.4585,0.1127,201,2456020719,won,0.48,1
16:36:40,JD100,1781713828,,3.403,DIGITOVER,7,0.2362,0.1142,192,2456021659,lost,-0.35,1
16:36:42,JD100,1781713829,,3.403,DIGITUNDER,4,0.4586,0.1129,173,2456022779,won,0.48,1
16:36:44,JD100,1781713830,,3.402,DIGITUNDER,4,0.4587,0.1132,187,2456024079,won,0.48,1
16:36:46,JD100,1781713831,,3.400,DIGITUNDER,4,0.4588,0.1134,182,2456025499,won,0.48,1
16:36:48,JD100,1781713832,,3.399,DIGITUNDER,5,0.5526,0.0793,176,2456026619,won,0.31,1
16:36:50,JD100,1781713833,,3.398,DIGITUNDER,4,0.4589,0.1139,143,2456028179,lost,-0.35,1
16:36:52,JD100,1781713834,,3.399,DIGITOVER,4,0.5527,0.0794,173,2456029759,won,0.31,1
16:36:54,JD100,1781713835,,3.398,DIGITMATCH,5,0.1202,0.0730,151,2456031339,lost,-0.35,1
16:36:56,JD100,1781713836,,3.396,DIGITMATCH,4,0.1202,0.0733,174,2456032339,lost,-0.35,1
16:36:58,JD100,1781713837,,3.395,DIGITUNDER,5,0.5529,0.0799,125,2456033739,won,0.31,1
16:37:00,JD100,1781713838,,3.394,DIGITUNDER,5,0.5530,0.0800,181,2456034899,lost,-0.35,1
16:37:03,JD100,1781713839,,3.394,DIGITOVER,4,0.5530,0.0801,164,2456036579,won,0.31,1
16:37:05,JD100,1781713840,,3.393,DIGITOVER,7,0.2367,0.1164,174,2456037759,won,1.3,1
16:37:07,JD100,1781713841,,3.392,DIGITOVER,7,0.2367,0.1167,164,2456038919,lost,-0.35,1
16:37:09,JD100,1781713842,,3.391,DIGITUNDER,3,0.3532,0.1321,185,2456040099,lost,-0.35,1
16:37:11,JD100,1781713843,,3.391,DIGITUNDER,5,0.5533,0.0805,182,2456041799,won,0.31,1
16:37:13,JD100,1781713844,,3.389,DIGITUNDER,5,0.5533,0.0807,193,2456042879,lost,-0.35,1
16:37:15,JD100,1781713845,,3.389,DIGITMATCH,5,0.1204,0.0752,161,2456044199,lost,-0.35,1
16:37:17,JD100,1781713846,,3.388,DIGITUNDER,5,0.5535,0.0809,217,2456045699,lost,-0.35,1
16:37:19,JD100,1781713847,,3.387,DIGITOVER,4,0.5535,0.0809,149,2456047239,lost,-0.35,1
16:37:22,JD100,1781713848,,3.388,DIGITUNDER,2,0.2370,0.1177,172,2456048939,lost,-0.35,1
16:37:24,JD100,1781713849,,3.395,DIGITOVER,7,0.2366,0.1160,156,2456050079,won,1.3,1
16:37:26,JD100,1781713850,,3.394,DIGITOVER,6,0.3530,0.1314,192,2456051499,lost,-0.35,1
16:37:28,JD100,1781713851,,3.394,DIGITMATCH,5,0.1203,0.0739,180,2456052819,won,2.78,1
16:37:30,JD100,1781713852,,3.393,DIGITMATCH,5,0.1203,0.0742,216,2456053839,lost,-0.35,1
16:37:32,JD100,1781713853,,3.393,DIGITUNDER,4,0.4594,0.1150,1017,2456055899,lost,-0.35,2
16:37:34,JD100,1781713855,,3.391,DIGITOVER,5,0.4595,0.1152,167,2456057379,lost,-0.35,1
16:37:36,JD100,1781713856,,3.391,DIGITMATCH,5,0.1204,0.0747,190,2456058419,lost,-0.35,1
16:37:38,JD100,1781713857,,3.390,DIGITOVER,4,0.5533,0.0806,163,2456059579,won,0.31,1
16:37:40,JD100,1781713858,,3.389,DIGITOVER,6,0.3534,0.1327,156,2456061379,won,0.75,1
16:37:42,JD100,1781713859,,3.387,DIGITOVER,6,0.3535,0.1330,160,2456063079,won,0.75,1
16:37:44,JD100,1781713860,,3.386,DIGITOVER,6,0.3536,0.1333,166,2456064759,lost,-0.35,1
16:37:46,JD100,1781713861,,3.387,DIGITMATCH,4,0.1205,0.0756,171,2456066559,lost,-0.35,1
16:37:48,JD100,1781713862,,3.391,DIGITUNDER,3,0.3533,0.1322,153,2456068019,won,0.75,1
16:37:50,JD100,1781713863,,3.390,DIGITUNDER,4,0.4596,0.1155,189,2456069379,lost,-0.35,1
16:37:53,JD100,1781713864,,3.389,DIGITOVER,7,0.2369,0.1174,168,2456070539,lost,-0.35,1
16:37:55,JD100,1781713865,,3.389,DIGITOVER,5,0.4597,0.1157,161,2456071879,lost,-0.35,1
16:37:57,JD100,1781713866,,3.388,DIGITMATCH,5,0.1204,0.0754,189,2456073119,lost,-0.35,1
16:37:59,JD100,1781713867,,3.387,DIGITOVER,5,0.4598,0.1160,153,2456074659,lost,-0.35,1
16:38:01,JD100,1781713868,,3.386,DIGITMATCH,5,0.1205,0.0758,162,2456075719,lost,-0.35,1
16:38:03,JD100,1781713869,,3.387,DIGITUNDER,3,0.3536,0.1332,179,2456076979,won,0.75,1
16:38:05,JD100,1781713870,,3.386,DIGITUNDER,4,0.4600,0.1163,280,2456078139,won,0.48,1
16:38:07,JD100,1781713871,,3.384,DIGITUNDER,4,0.4601,0.1166,160,2456079679,won,0.48,1
16:38:09,JD100,1781713872,,3.384,DIGITUNDER,2,0.2372,0.1187,199,2456080999,lost,-0.35,1
16:38:11,JD100,1781713873,,3.383,DIGITOVER,5,0.4601,0.1168,162,2456082279,won,0.48,1
16:38:13,JD100,1781713874,,3.382,DIGITOVER,4,0.5539,0.0817,179,2456083499,lost,-0.35,1
16:38:15,JD100,1781713875,,3.382,DIGITUNDER,5,0.5539,0.0817,201,2456084739,lost,-0.35,1
16:38:17,JD100,1781713876,,3.383,DIGITOVER,6,0.3538,0.1339,188,2456085719,won,0.75,1
16:38:19,JD100,1781713877,,3.382,DIGITOVER,6,0.3539,0.1342,166,2456087059,won,0.75,1
16:38:21,JD100,1781713878,,3.381,DIGITOVER,6,0.3540,0.1345,180,2456088559,lost,-0.35,1
16:38:23,JD100,1781713879,,3.381,DIGITMATCH,5,0.1206,0.0771,207,2456092439,lost,-0.35,1
16:38:25,JD100,1781713880,,3.380,DIGITMATCH,4,0.1207,0.0774,362,2456098479,lost,-0.35,1
16:38:28,JD100,1781713881,,3.378,DIGITUNDER,5,0.5541,0.0822,174,2456099799,lost,-0.35,1
16:38:30,JD100,1781713882,,3.379,DIGITOVER,7,0.2374,0.1198,165,2456100959,won,1.3,1
16:38:32,JD100,1781713883,,3.378,DIGITOVER,6,0.3542,0.1352,146,2456102239,lost,-0.35,1
16:38:34,JD100,1781713884,,3.379,DIGITUNDER,5,0.5541,0.0821,190,2456103359,won,0.31,1
16:38:36,JD100,1781713885,,3.378,DIGITUNDER,5,0.5541,0.0822,144,2456104559,won,0.31,1
16:38:38,JD100,1781713886,,3.377,DIGITMATCH,4,0.1207,0.0780,160,2456106359,lost,-0.35,1
16:38:40,JD100,1781713887,,3.377,DIGITOVER,5,0.4607,0.1180,180,2456108119,lost,-0.35,1
16:38:42,JD100,1781713888,,3.376,DIGITUNDER,2,0.2375,0.1204,157,2456109159,lost,-0.35,1
16:38:44,JD100,1781713889,,3.382,DIGITUNDER,4,0.4602,0.1170,187,2456110499,lost,-0.35,1
16:38:46,JD100,1781713890,,3.383,DIGITOVER,5,0.4601,0.1167,181,2456111679,lost,-0.35,1
16:38:48,JD100,1781713891,,3.384,DIGITUNDER,3,0.3538,0.1338,166,2456113079,lost,-0.35,1
16:38:50,JD100,1781713892,,3.384,DIGITMATCH,5,0.1205,0.0762,171,2456114079,lost,-0.35,1
16:38:52,JD100,1781713893,,3.384,DIGITOVER,5,0.4601,0.1167,163,2456115159,won,0.48,1
16:38:54,JD100,1781713894,,3.383,DIGITOVER,6,0.3539,0.1341,175,2456116359,lost,-0.35,1
16:38:57,JD100,1781713895,,3.382,DIGITUNDER,3,0.3539,0.1342,161,2456117739,lost,-0.35,1
16:38:59,JD100,1781713896,,3.384,DIGITOVER,4,0.5537,0.0815,172,2456118879,won,0.31,1
16:39:01,JD100,1781713897,,3.382,DIGITOVER,4,0.5538,0.0816,150,2456120239,lost,-0.35,1
16:39:03,JD100,1781713898,,3.384,DIGITUNDER,3,0.3538,0.1338,184,2456121839,lost,-0.35,1
16:39:05,JD100,1781713899,,3.386,DIGITMATCH,5,0.1205,0.0757,154,2456122839,lost,-0.35,1
16:39:07,JD100,1781713900,,3.386,DIGITUNDER,5,0.5536,0.0812,175,2456124019,won,0.31,1
16:39:09,JD100,1781713901,,3.385,DIGITMATCH,4,0.1205,0.0762,163,2456125079,lost,-0.35,1
16:39:11,JD100,1781713902,,3.384,DIGITOVER,5,0.4601,0.1166,204,2456126179,won,0.48,1
16:39:13,JD100,1781713903,,3.383,DIGITOVER,5,0.4601,0.1168,147,2456127839,lost,-0.35,1
16:39:15,JD100,1781713904,,3.385,DIGITUNDER,4,0.4600,0.1165,177,2456128979,lost,-0.35,1
16:39:17,JD100,1781713905,,3.385,DIGITOVER,6,0.3537,0.1336,151,2456130199,won,0.75,1
16:39:19,JD100,1781713906,,3.384,DIGITOVER,6,0.3538,0.1338,315,2456133279,lost,-0.35,1
16:39:22,JD100,1781713907,,3.383,DIGITOVER,4,0.5538,0.0816,150,2456134739,won,0.31,1
16:39:24,JD100,1781713908,,3.382,DIGITOVER,4,0.5539,0.0817,180,2456135639,won,0.31,1
16:39:26,JD100,1781713909,,3.381,DIGITOVER,4,0.5540,0.0819,152,2456136939,lost,-0.35,1
16:39:28,JD100,1781713910,,3.380,DIGITUNDER,5,0.5540,0.0819,265,2456138139,won,0.31,1
16:39:30,JD100,1781713911,,3.379,DIGITUNDER,4,0.4605,0.1175,162,2456139339,won,0.48,1
16:39:32,JD100,1781713912,,3.378,DIGITUNDER,4,0.4605,0.1178,176,2456140119,won,0.48,1
16:39:34,JD100,1781713913,,3.377,DIGITUNDER,4,0.4606,0.1180,153,2456141559,won,0.48,1
16:39:36,JD100,1781713914,,3.376,DIGITUNDER,5,0.5543,0.0826,189,2456143039,lost,-0.35,1
16:39:38,JD100,1781713915,,3.376,DIGITOVER,7,0.2375,0.1204,163,2456144259,lost,-0.35,1
16:39:40,JD100,1781713916,,3.376,DIGITOVER,5,0.4608,0.1183,171,2456145519,lost,-0.35,1
