epoch,quote,digit,sigma,sigma_bin
1781628451,209.91,1,3.6779,37
1781628452,209.93,3,3.6766,37
1781628453,209.94,4,3.6749,37
1781628454,209.97,7,3.6743,37
1781628455,209.95,5,3.6730,37
1781628456,209.97,7,3.6717,37
1781628457,209.99,9,3.6704,37
1781628458,209.97,7,3.6692,37
1781628459,210.08,8,3.6837,37
1781628460,210.05,5,3.6831,37
1781628461,210.04,4,3.6814,37
1781628462,210.03,3,3.6797,37
1781628463,210.04,4,3.6780,37
1781628464,210.09,9,3.6795,37
1781628465,210.05,5,3.6799,37
1781628466,209.99,9,3.6829,37
1781628467,210,0,3.6812,37
1781628468,209.98,8,3.6799,37
1781628469,210.02,2,3.6802,37
1781628470,210.1,0,3.6870,37
1781628471,210.07,7,3.6864,37
1781628472,210.1,0,3.6857,37
1781628473,210.09,9,3.6841,37
1781628474,210.05,5,3.6844,37
1781628475,210.01,1,3.6847,37
1781628476,210.05,5,3.6850,37
1781628477,210.08,8,3.6844,37
1781628478,210.09,9,3.6828,37
1781628479,210.05,5,3.6831,37
1781628480,210,0,3.6846,37
1781628481,209.98,8,3.6833,37
1781628482,209.87,7,3.6975,37
1781628483,209.88,8,3.6958,37
1781628484,209.86,6,3.6945,37
1781628485,209.84,4,3.6933,37
1781628486,209.8,0,3.6936,37
1781628487,209.7,0,3.7048,37
1781628488,209.67,7,3.7042,37
1781628489,209.71,1,3.7045,37
1781628490,209.68,8,3.7039,37
1781628491,209.69,9,3.7023,37
1781628492,209.71,1,3.7010,37
1781628493,209.69,9,3.6997,37
1781628494,209.7,0,3.6981,37
1781628495,209.71,1,3.6965,37
1781628496,209.73,3,3.6952,37
1781628497,209.74,4,3.6936,37
1781628498,209.72,2,3.6923,37
1781628499,209.72,2,3.6906,37
1781628500,209.71,1,3.6889,37
1781628501,209.75,5,3.6892,37
1781628502,209.77,7,3.6880,37
1781628503,209.79,9,3.6868,37
1781628504,209.83,3,3.6871,37
1781628505,209.86,6,3.6865,37
1781628506,209.94,4,3.6930,37
1781628507,209.98,8,3.6933,37
1781628508,210,0,3.6920,37
1781628509,210.04,4,3.6923,37
1781628510,210.03,3,3.6907,37
1781628511,210.03,3,3.6890,37
1781628512,209.97,7,3.6918,37
1781628513,210.01,1,3.6921,37
1781628514,210.06,6,3.6936,37
1781628515,210.04,4,3.6924,37
1781628516,210.12,2,3.6987,37
1781628517,210.15,5,3.6982,37
1781628518,210.15,5,3.6964,37
1781628519,210.2,0,3.6979,37
1781628520,210.27,7,3.7023,37
1781628521,210.27,7,3.7006,37
1781628522,210.23,3,3.7009,37
1781628523,210.21,1,3.6997,37
1781628524,210.12,2,3.7081,37
1781628525,210.12,2,3.7064,37
1781628526,210.13,3,3.7048,37
1781628527,210.12,2,3.7032,37
1781628528,210.14,4,3.7020,37
1781628529,210.14,4,3.7003,37
1781628530,210.15,5,3.6987,37
1781628531,210.23,3,3.7050,37
1781628532,210.29,9,3.7078,37
1781628533,210.24,4,3.7092,37
1781628534,210.26,6,3.7079,37
1781628535,210.33,3,3.7123,37
1781628536,210.27,7,3.7151,37
1781628537,210.33,3,3.7178,37
1781628538,210.35,5,3.7166,37
1781628539,210.37,7,3.7154,37
1781628540,210.42,2,3.7168,37
1781628541,210.4,0,3.7156,37
1781628542,210.43,3,3.7150,37
1781628543,210.39,9,3.7153,37
1781628544,210.45,5,3.7180,37
1781628545,210.42,2,3.7174,37
1781628546,210.4,0,3.7162,37
1781628547,210.41,1,3.7146,37
1781628548,210.43,3,3.7134,37
1781628549,210.44,4,3.7118,37
1781628550,210.42,2,3.7106,37
1781628551,210.4,0,3.7094,37
1781628552,210.45,5,3.7108,37
1781628553,210.4,0,3.7122,37
1781628554,210.42,2,3.7110,37
1781628555,210.47,7,3.7124,37
1781628556,210.5,0,3.7118,37
1781628557,210.53,3,3.7112,37
1781628558,210.5,0,3.7106,37
1781628559,210.5,0,3.7090,37
1781628560,210.55,5,3.7103,37
1781628561,210.49,9,3.7130,37
1781628562,210.49,9,3.7113,37
1781628563,210.48,8,3.7098,37
1781628564,210.48,8,3.7081,37
1781628565,210.44,4,3.7084,37
1781628566,210.48,8,3.7087,37
1781628567,210.56,6,3.7147,37
1781628568,210.53,3,3.7142,37
1781628569,210.5,0,3.7136,37
1781628570,210.48,8,3.7124,37
1781628571,210.47,7,3.7109,37
1781628572,210.46,6,3.7093,37
1781628573,210.39,9,3.7136,37
1781628574,210.37,7,3.7124,37
1781628575,210.34,4,3.7118,37
1781628576,210.32,2,3.7106,37
1781628577,210.35,5,3.7101,37
1781628578,210.43,3,3.7161,37
1781628579,210.43,3,3.7144,37
1781628580,210.39,9,3.7147,37
1781628581,210.36,6,3.7141,37
1781628582,210.39,9,3.7135,37
1781628583,210.35,5,3.7138,37
1781628584,210.34,4,3.7123,37
1781628585,210.31,1,3.7117,37
1781628586,210.31,1,3.7101,37
1781628587,210.32,2,3.7086,37
1781628588,210.38,8,3.7112,37
1781628589,210.36,6,3.7101,37
1781628590,210.37,7,3.7085,37
1781628591,210.45,5,3.7145,37
1781628592,210.42,2,3.7139,37
1781628593,210.41,1,3.7124,37
1781628594,210.42,2,3.7109,37
1781628595,210.43,3,3.7094,37
1781628596,210.43,3,3.7078,37
1781628597,210.41,1,3.7066,37
1781628598,210.35,5,3.7092,37
1781628599,210.36,6,3.7077,37
1781628600,210.39,9,3.7072,37
1781628601,210.32,2,3.7113,37
1781628602,210.4,0,3.7172,37
1781628603,210.4,0,3.7156,37
1781628604,210.41,1,3.7141,37
1781628605,210.43,3,3.7129,37
1781628606,210.37,7,3.7155,37
1781628607,210.4,0,3.7150,37
1781628608,210.38,8,3.7138,37
1781628609,210.35,5,3.7133,37
1781628610,210.32,2,3.7127,37
1781628611,210.31,1,3.7112,37
1781628612,210.31,1,3.7096,37
1781628613,210.35,5,3.7099,37
1781628614,210.33,3,3.7088,37
1781628615,210.32,2,3.7073,37
1781628616,210.35,5,3.7067,37
1781628617,210.3,0,3.7080,37
1781628618,210.3,0,3.7065,37
1781628619,210.37,7,3.7105,37
1781628620,210.37,7,3.7089,37
1781628621,210.33,3,3.7092,37
1781628622,210.31,1,3.7081,37
1781628623,210.32,2,3.7066,37
1781628624,210.36,6,3.7069,37
1781628625,210.39,9,3.7063,37
1781628626,210.38,8,3.7049,37
1781628627,210.33,3,3.7061,37
1781628628,210.3,0,3.7056,37
1781628629,210.3,0,3.7040,37
1781628630,210.27,7,3.7035,37
1781628631,210.28,8,3.7020,37
1781628632,210.26,6,3.7009,37
1781628633,210.33,3,3.7050,37
1781628634,210.31,1,3.7039,37
1781628635,210.31,1,3.7023,37
1781628636,210.34,4,3.7018,37
1781628637,210.37,7,3.7012,37
1781628638,210.33,3,3.7015,37
1781628639,210.34,4,3.7000,37
1781628640,210.28,8,3.7026,37
1781628641,210.28,8,3.7010,37
1781628642,210.25,5,3.7005,37
1781628643,210.29,9,3.7007,37
1781628644,210.28,8,3.6993,37
1781628645,210.34,4,3.7018,37
1781628646,210.36,6,3.7007,37
1781628647,210.38,8,3.6996,37
1781628648,210.36,6,3.6985,37
1781628649,210.36,6,3.6970,37
1781628650,210.29,9,3.7010,37
1781628651,210.29,9,3.6994,37
1781628652,210.34,4,3.7007,37
1781628653,210.33,3,3.6993,37
1781628654,210.35,5,3.6982,37
1781628655,210.3,0,3.6995,37
1781628656,210.3,0,3.6979,37
1781628657,210.35,5,3.6992,37
1781628658,210.43,3,3.7048,37
1781628659,210.37,7,3.7073,37
1781628660,210.36,6,3.7059,37
1781628661,210.34,4,3.7048,37
1781628662,210.25,5,3.7123,37
1781628663,210.24,4,3.7109,37
1781628664,210.25,5,3.7095,37
1781628665,210.19,9,3.7119,37
1781628666,210.2,0,3.7105,37
1781628667,210.14,4,3.7130,37
1781628668,210.2,0,3.7154,37
1781628669,210.18,8,3.7143,37
1781628670,210.17,7,3.7129,37
1781628671,210.1,0,3.7168,37
1781628672,210.07,7,3.7163,37
1781628673,210.12,2,3.7175,37
1781628674,210.07,7,3.7188,37
1781628675,210.1,0,3.7182,37
1781628676,210.12,2,3.7171,37
1781628677,210.19,9,3.7210,37
1781628678,210.18,8,3.7196,37
1781628679,210.24,4,3.7220,37
1781628680,210.16,6,3.7275,37
1781628681,210.13,3,3.7270,37
1781628682,210.08,8,3.7282,37
1781628683,210.1,0,3.7271,37
1781628684,210.14,4,3.7273,37
1781628685,210.16,6,3.7262,37
1781628686,210.19,9,3.7257,37
1781628687,210.14,4,3.7269,37
1781628688,210.12,2,3.7259,37
1781628689,210.09,9,3.7253,37
1781628690,210.05,5,3.7256,37
1781628691,210.08,8,3.7250,37
1781628692,210.08,8,3.7235,37
1781628693,210.08,8,3.7220,37
1781628694,210.06,6,3.7210,37
1781628695,209.99,9,3.7248,37
1781628696,209.94,4,3.7260,37
1781628697,209.91,1,3.7254,37
1781628698,209.9,0,3.7240,37
1781628699,209.94,4,3.7243,37
1781628700,209.9,0,3.7245,37
1781628701,209.9,0,3.7230,37
1781628702,209.9,0,3.7215,37
1781628703,209.9,0,3.7200,37
1781628704,209.97,7,3.7238,37
1781628705,210,0,3.7233,37
1781628706,210.03,3,3.7228,37
1781628707,210.04,4,3.7214,37
1781628708,210.08,8,3.7216,37
1781628709,210.06,6,3.7206,37
1781628710,210.09,9,3.7200,37
1781628711,210.14,4,3.7212,37
1781628712,210.16,6,3.7202,37
1781628713,210.22,2,3.7225,37
1781628714,210.22,2,3.7211,37
1781628715,210.18,8,3.7213,37
1781628716,210.17,7,3.7199,37
1781628717,210.21,1,3.7202,37
1781628718,210.2,0,3.7188,37
1781628719,210.17,7,3.7183,37
1781628720,210.18,8,3.7169,37
1781628721,210.21,1,3.7164,37
1781628722,210.26,6,3.7176,37
1781628723,210.26,6,3.7161,37
1781628724,210.33,3,3.7199,37
1781628725,210.33,3,3.7184,37
1781628726,210.32,2,3.7171,37
1781628727,210.34,4,3.7160,37
1781628728,210.39,9,3.7172,37
1781628729,210.36,6,3.7167,37
1781628730,210.41,1,3.7179,37
1781628731,210.4,0,3.7165,37
1781628732,210.53,3,3.7328,37
1781628733,210.52,2,3.7314,37
1781628734,210.5,0,3.7304,37
1781628735,210.49,9,3.7290,37
1781628736,210.5,0,3.7277,37
1781628737,210.47,7,3.7272,37
1781628738,210.49,9,3.7262,37
1781628739,210.47,7,3.7251,37
1781628740,210.42,2,3.7263,37
1781628741,210.42,2,3.7248,37
1781628742,210.43,3,3.7235,37
1781628743,210.47,7,3.7237,37
1781628744,210.48,8,3.7224,37
1781628745,210.5,0,3.7214,37
1781628746,210.45,5,3.7225,37
1781628747,210.42,2,3.7220,37
1781628748,210.41,1,3.7207,37
1781628749,210.46,6,3.7218,37
1781628750,210.48,8,3.7208,37
1781628751,210.52,2,3.7210,37
1781628752,210.55,5,3.7205,37
1781628753,210.57,7,3.7195,37
1781628754,210.56,6,3.7182,37
1781628755,210.48,8,3.7234,37
1781628756,210.49,9,3.7220,37
1781628757,210.42,2,3.7257,37
1781628758,210.4,0,3.7246,37
1781628759,210.39,9,3.7233,37
1781628760,210.39,9,3.7219,37
1781628761,210.4,0,3.7206,37
1781628762,210.38,8,3.7196,37
1781628763,210.37,7,3.7183,37
1781628764,210.35,5,3.7173,37
1781628765,210.35,5,3.7158,37
1781628766,210.37,7,3.7148,37
1781628767,210.35,5,3.7138,37
1781628768,210.32,2,3.7133,37
1781628769,210.31,1,3.7120,37
1781628770,210.32,2,3.7107,37
1781628771,210.26,6,3.7130,37
1781628772,210.28,8,3.7120,37
1781628773,210.26,6,3.7110,37
1781628774,210.25,5,3.7097,37
1781628775,210.18,8,3.7133,37
1781628776,210.15,5,3.7128,37
1781628777,210.12,2,3.7123,37
1781628778,210.08,8,3.7125,37
1781628779,210.1,0,3.7115,37
1781628780,210.09,9,3.7103,37
1781628781,210.09,9,3.7089,37
1781628782,210.05,5,3.7091,37
1781628783,210.05,5,3.7077,37
1781628784,209.98,8,3.7113,37
1781628785,209.99,9,3.7100,37
1781628786,210,0,3.7087,37
1781628787,210.03,3,3.7082,37
1781628788,210.06,6,3.7077,37
1781628789,210.09,9,3.7072,37
1781628790,210.06,6,3.7068,37
1781628791,210.09,9,3.7063,37
1781628792,210.02,2,3.7098,37
1781628793,210.08,8,3.7121,37
1781628794,210.05,5,3.7116,37
1781628795,210.07,7,3.7106,37
1781628796,210.07,7,3.7092,37
1781628797,210.04,4,3.7088,37
1781628798,210.08,8,3.7090,37
1781628799,210.07,7,3.7077,37
1781628800,210.02,2,3.7088,37
1781628801,210.03,3,3.7075,37
1781628802,210.04,4,3.7063,37
1781628803,210,0,3.7065,37
1781628804,210.08,8,3.7115,37
1781628805,210.16,6,3.7165,37
1781628806,210.14,4,3.7155,37
1781628807,210.16,6,3.7146,37
1781628808,210.14,4,3.7136,37
1781628809,210.08,8,3.7158,37
1781628810,210.1,0,3.7148,37
1781628811,210.07,7,3.7143,37
1781628812,210.06,6,3.7131,37
1781628813,210.07,7,3.7118,37
1781628814,210.1,0,3.7113,37
1781628815,210.14,4,3.7116,37
1781628816,210.15,5,3.7103,37
1781628817,210.1,0,3.7114,37
1781628818,210.11,1,3.7101,37
1781628819,210.15,5,3.7104,37
1781628820,210.13,3,3.7094,37
1781628821,210.16,6,3.7089,37
1781628822,210.21,1,3.7100,37
1781628823,210.24,4,3.7096,37
1781628824,210.23,3,3.7083,37
1781628825,210.2,0,3.7079,37
1781628826,210.24,4,3.7081,37
1781628827,210.13,3,3.7186,37
1781628828,210.09,9,3.7188,37
1781628829,210.07,7,3.7178,37
1781628830,210.09,9,3.7169,37
1781628831,210.07,7,3.7159,37
1781628832,210.01,1,3.7181,37
1781628833,210.02,2,3.7168,37
1781628834,209.98,8,3.7170,37
1781628835,209.97,7,3.7158,37
1781628836,210.03,3,3.7179,37
1781628837,210.03,3,3.7166,37
1781628838,210.03,3,3.7153,37
1781628839,210.11,1,3.7201,37
1781628840,210.06,6,3.7212,37
1781628841,210.03,3,3.7207,37
1781628842,210,0,3.7203,37
1781628843,210.01,1,3.7190,37
1781628844,210.02,2,3.7178,37
1781628845,209.99,9,3.7173,37
1781628846,210.03,3,3.7175,37
1781628847,210.03,3,3.7162,37
1781628848,209.98,8,3.7173,37
1781628849,210.01,1,3.7168,37
1781628850,209.92,2,3.7233,37
1781628851,209.97,7,3.7243,37
1781628852,209.99,9,3.7234,37
1781628853,210.04,4,3.7245,37
1781628854,210.05,5,3.7232,37
1781628855,210,0,3.7243,37
1781628856,210.06,6,3.7264,37
1781628857,210.03,3,3.7259,37
1781628858,210.07,7,3.7261,37
1781628859,210.11,1,3.7263,37
1781628860,210.12,2,3.7251,37
1781628861,209.19,9,3.7251,37
1781628862,209.14,4,3.7262,37
1781628863,209.11,1,3.7257,37
1781628864,209.16,6,3.7268,37
1781628865,209.21,1,3.7278,37
1781628866,209.22,2,3.7266,37
1781628867,209.21,1,3.7254,37
1781628868,209.16,6,3.7264,37
1781628869,209.21,1,3.7275,37
1781628870,209.19,9,3.7265,37
1781628871,209.19,9,3.7252,37
1781628872,209.21,1,3.7243,37
1781628873,209.2,0,3.7231,37
1781628874,209.16,6,3.7233,37
1781628875,209.14,4,3.7224,37
1781628876,209.11,1,3.7219,37
1781628877,209.05,5,3.7240,37
1781628878,209.12,2,3.7273,37
1781628879,209.12,2,3.7260,37
1781628880,209.17,7,3.7270,37
1781628881,209.19,9,3.7261,37
1781628882,209.15,5,3.7263,37
1781628883,209.16,6,3.7251,37
1781628884,209.16,6,3.7238,37
1781628885,209.22,2,3.7259,37
1781628886,209.22,2,3.7246,37
1781628887,209.23,3,3.7234,37
1781628888,209.25,5,3.7224,37
1781628889,209.26,6,3.7212,37
1781628890,209.16,6,3.7293,37
1781628891,209.17,7,3.7281,37
1781628892,209.14,4,3.7276,37
1781628893,209.18,8,3.7278,37
1781628894,209.09,9,3.7341,37
1781628895,209.06,6,3.7336,37
1781628896,209.03,3,3.7331,37
1781628897,209.02,2,3.7319,37
1781628898,209.01,1,3.7307,37
1781628899,209.01,1,3.7294,37
1781628900,209.01,1,3.7282,37
1781628901,209.09,9,3.7328,37
1781628902,209.17,7,3.7374,37
1781628903,209.15,5,3.7365,37
1781628904,209.13,3,3.7356,37
1781628905,209.11,1,3.7347,37
1781628906,209.09,9,3.7337,37
1781628907,209.1,0,3.7326,37
1781628908,209.08,8,3.7316,37
1781628909,209.08,8,3.7304,37
1781628910,209.11,1,3.7299,37
1781628911,209.06,6,3.7309,37
1781628912,209.1,0,3.7311,37
1781628913,209.14,4,3.7313,37
1781628914,209.16,6,3.7304,37
1781628915,209.14,4,3.7295,37
1781628916,209.09,9,3.7305,37
1781628917,209.05,5,3.7307,37
1781628918,209.02,2,3.7302,37
1781628919,209.01,1,3.7291,37
1781628920,209.01,1,3.7278,37
1781628921,209.01,1,3.7265,37
1781628922,208.96,6,3.7275,37
1781628923,208.97,7,3.7264,37
1781628924,208.97,7,3.7251,37
1781628925,209.02,2,3.7261,37
1781628926,209.03,3,3.7249,37
1781628927,209,0,3.7245,37
1781628928,208.92,2,3.7291,37
1781628929,208.96,6,3.7292,37
1781628930,208.95,5,3.7281,37
1781628931,209.03,3,3.7326,37
1781628932,208.98,8,3.7336,37
1781628933,208.99,9,3.7324,37
1781628934,208.98,8,3.7313,37
1781628935,208.97,7,3.7301,37
1781628936,208.96,6,3.7289,37
1781628937,208.93,3,3.7285,37
1781628938,208.89,9,3.7287,37
1781628939,208.86,6,3.7282,37
1781628940,208.9,0,3.7284,37
1781628941,208.91,1,3.7273,37
1781628942,208.87,7,3.7275,37
1781628943,208.91,1,3.7276,37
1781628944,208.9,0,3.7265,37
1781628945,208.93,3,3.7261,37
1781628946,208.82,2,3.7357,37
1781628947,208.9,0,3.7401,37
1781628948,208.86,6,3.7403,37
1781628949,208.83,3,3.7399,37
1781628950,208.89,9,3.7418,37
1781628951,208.89,9,3.7406,37
1781628952,208.9,0,3.7394,37
1781628953,208.9,0,3.7382,37
1781628954,208.9,0,3.7369,37
1781628955,208.89,9,3.7358,37
1781628956,208.91,1,3.7349,37
1781628957,208.88,8,3.7345,37
1781628958,208.82,2,3.7364,37
1781628959,208.88,8,3.7384,37
1781628960,208.83,3,3.7394,37
1781628961,208.84,4,3.7382,37
1781628962,208.85,5,3.7371,37
1781628963,208.87,7,3.7362,37
1781628964,208.81,1,3.7381,37
1781628965,208.82,2,3.7370,37
1781628966,208.8,0,3.7361,37
1781628967,208.82,2,3.7352,37
1781628968,208.9,0,3.7396,37
1781628969,208.95,5,3.7406,37
1781628970,208.92,2,3.7402,37
1781628971,208.95,5,3.7397,37
1781628972,208.93,3,3.7388,37
1781628973,208.96,6,3.7384,37
1781628974,208.9,0,3.7403,37
1781628975,208.9,0,3.7391,37
1781628976,208.9,0,3.7379,37
1781628977,208.87,7,3.7374,37
1781628978,208.83,3,3.7376,37
1781628979,208.8,0,3.7372,37
1781628980,208.82,2,3.7363,37
1781628981,208.84,4,3.7354,37
1781628982,208.8,0,3.7356,37
1781628983,208.85,5,3.7366,37
1781628984,208.84,4,3.7355,37
1781628985,208.87,7,3.7350,37
1781628986,208.9,0,3.7346,37
1781628987,208.94,4,3.7348,37
1781628988,208.96,6,3.7339,37
1781628989,208.94,4,3.7330,37
1781628990,208.94,4,3.7318,37
1781628991,208.97,7,3.7314,37
1781628992,208.9,0,3.7344,37
1781628993,208.93,3,3.7340,37
1781628994,208.9,0,3.7336,37
1781628995,208.95,5,3.7345,37
1781628996,208.94,4,3.7334,37
1781628997,208.91,1,3.7330,37
1781628998,208.89,9,3.7321,37
1781628999,208.88,8,3.7310,37
1781629000,208.83,3,3.7320,37
1781629001,208.75,5,3.7363,37
1781629002,208.7,0,3.7373,37
1781629003,208.78,8,3.7416,37
1781629004,208.73,3,3.7425,37
1781629005,208.69,9,3.7427,37
1781629006,208.68,8,3.7416,37
1781629007,208.68,8,3.7404,37
1781629008,208.65,5,3.7399,37
1781629009,208.65,5,3.7387,37
1781629010,208.64,4,3.7376,37
1781629011,208.58,8,3.7395,37
1781629012,208.58,8,3.7383,37
1781629013,208.52,2,3.7402,37
1781629014,208.52,2,3.7390,37
1781629015,208.6,0,3.7433,37
1781629016,208.66,6,3.7452,37
1781629017,208.68,8,3.7443,37
1781629018,208.67,7,3.7432,37
1781629019,208.66,6,3.7421,37
1781629020,208.69,9,3.7417,37
1781629021,208.81,1,3.7527,38
1781629022,208.79,9,3.7519,38
1781629023,208.76,6,3.7514,38
1781629024,208.76,6,3.7502,38
1781629025,208.77,7,3.7491,37
1781629026,208.88,8,3.7582,38
1781629027,209.01,1,3.7712,38
1781629028,209.01,1,3.7700,38
1781629029,209,0,3.7689,38
1781629030,209,0,3.7677,38
1781629031,209.05,5,3.7686,38
1781629032,209,0,3.7695,38
1781629033,209.03,3,3.7691,38
1781629034,209.04,4,3.7680,38
1781629035,209.03,3,3.7669,38
1781629036,209.02,2,3.7658,38
1781629037,209.03,3,3.7647,38
1781629038,209.09,9,3.7665,38
1781629039,209.11,1,3.7657,38
1781629040,209.06,6,3.7666,38
1781629041,209.04,4,3.7657,38
1781629042,209.01,1,3.7653,38
1781629043,209.03,3,3.7644,38
1781629044,209.08,8,3.7653,38
1781629045,209.07,7,3.7642,38
1781629046,209.06,6,3.7631,38
1781629047,209.14,4,3.7673,38
1781629048,209.15,5,3.7662,38
1781629049,209.11,1,3.7663,38
1781629050,209.11,1,3.7652,38
1781629051,209.1,0,3.7641,38
1781629052,209.14,4,3.7642,38
1781629053,209.19,9,3.7651,38
1781629054,209.21,1,3.7643,38
1781629055,209.11,1,3.7714,38
1781629056,209.16,6,3.7723,38
1781629057,209.14,4,3.7714,38
1781629058,209.16,6,3.7706,38
1781629059,209.1,0,3.7724,38
1781629060,209.16,6,3.7742,38
1781629061,209.11,1,3.7751,38
1781629062,209.13,3,3.7742,38
1781629063,209.19,9,3.7760,38
1781629064,209.19,9,3.7748,38
1781629065,209.19,9,3.7737,38
1781629066,209.11,1,3.7777,38
1781629067,209.09,9,3.7769,38
1781629068,209.06,6,3.7765,38
1781629069,209,0,3.7783,38
1781629070,208.97,7,3.7778,38
1781629071,208.95,5,3.7770,38
1781629072,208.92,2,3.7766,38
1781629073,208.94,4,3.7757,38
1781629074,208.96,6,3.7749,38
1781629075,208.99,9,3.7744,38
1781629076,208.98,8,3.7734,38
1781629077,208.99,9,3.7723,38
1781629078,209.01,1,3.7715,38
1781629079,209.02,2,3.7704,38
1781629080,209.04,4,3.7695,38
1781629081,208.95,5,3.7750,38
1781629082,208.91,1,3.7751,38
1781629083,208.88,8,3.7747,38
1781629084,208.8,0,3.7787,38
1781629085,208.81,1,3.7777,38
1781629086,208.83,3,3.7768,38
1781629087,208.85,5,3.7760,38
1781629088,208.86,6,3.7749,38
1781629089,208.82,2,3.7751,38
1781629090,208.83,3,3.7740,38
1781629091,208.81,1,3.7732,38
1781629092,208.83,3,3.7723,38
1781629093,208.78,8,3.7732,38
1781629094,208.78,8,3.7721,38
1781629095,208.84,4,3.7738,38
1781629096,208.86,6,3.7730,38
1781629097,208.86,6,3.7718,38
1781629098,208.83,3,3.7714,38
1781629099,208.8,0,3.7710,38
1781629100,208.83,3,3.7706,38
1781629101,208.84,4,3.7695,38
1781629102,208.8,0,3.7697,38
1781629103,208.86,6,3.7714,38
1781629104,208.95,5,3.7768,38
1781629105,208.95,5,3.7756,38
1781629106,208.98,8,3.7752,38
1781629107,208.99,9,3.7741,38
1781629108,208.97,7,3.7733,38
1781629109,208.96,6,3.7723,38
1781629110,208.99,9,3.7718,38
1781629111,209.04,4,3.7727,38
1781629112,209.06,6,3.7719,38
1781629113,209.03,3,3.7715,38
1781629114,209.01,1,3.7707,38
1781629115,208.94,4,3.7734,38
1781629116,208.94,4,3.7723,38
1781629117,208.9,0,3.7724,38
1781629118,208.92,2,3.7716,38
1781629119,208.88,8,3.7718,38
1781629120,208.82,2,3.7735,38
1781629121,208.78,8,3.7736,38
1781629122,208.8,0,3.7728,38
1781629123,208.82,2,3.7720,38
1781629124,208.79,9,3.7716,38
1781629125,208.8,0,3.7705,38
1781629126,208.86,6,3.7723,38
1781629127,208.87,7,3.7712,38
1781629128,208.86,6,3.7702,38
1781629129,208.87,7,3.7691,38
1781629130,208.86,6,3.7681,38
1781629131,208.9,0,3.7682,38
1781629132,208.89,9,3.7672,38
1781629133,208.96,6,3.7699,38
1781629134,208.98,8,3.7691,38
1781629135,208.89,9,3.7744,38
1781629136,208.86,6,3.7740,38
1781629137,208.91,1,3.7748,38
1781629138,208.92,2,3.7738,38
1781629139,208.97,7,3.7746,38
1781629140,208.94,4,3.7742,38
1781629141,208.89,9,3.7751,38
1781629142,208.92,2,3.7746,38
1781629143,208.96,6,3.7748,38
1781629144,209,0,3.7749,38
1781629145,209.05,5,3.7758,38
1781629146,209.08,8,3.7753,38
1781629147,209.09,9,3.7743,38
1781629148,209.04,4,3.7752,38
1781629149,209.02,2,3.7744,38
1781629150,209.01,1,3.7733,38
1781629151,209,0,3.7723,38
1781629152,208.95,5,3.7731,38
1781629153,209,0,3.7740,38
1781629154,209.05,5,3.7748,38
1781629155,209.12,2,3.7775,38
1781629156,209.11,1,3.7765,38
1781629157,209.12,2,3.7754,38
1781629158,209.11,1,3.7744,38
1781629159,209.1,0,3.7734,38
1781629160,209.03,3,3.7761,38
1781629161,209.01,1,3.7753,38
1781629162,209.05,5,3.7754,38
1781629163,209.04,4,3.7744,38
1781629164,209.1,0,3.7761,38
1781629165,209.1,0,3.7750,38
1781629166,209.09,9,3.7740,38
1781629167,209.06,6,3.7735,38
1781629168,209.08,8,3.7728,38
1781629169,209.13,3,3.7736,38
1781629170,209.12,2,3.7726,38
1781629171,209.11,1,3.7715,38
1781629172,209.01,1,3.7782,38
1781629173,208.98,8,3.7777,38
1781629174,208.98,8,3.7766,38
1781629175,208.99,9,3.7756,38
1781629176,208.97,7,3.7748,38
1781629177,208.98,8,3.7738,38
1781629178,209.04,4,3.7755,38
1781629179,209.07,7,3.7751,38
1781629180,209.05,5,3.7743,38
1781629181,209.01,1,3.7744,38
1781629182,209,0,3.7734,38
1781629183,208.99,9,3.7724,38
1781629184,208.96,6,3.7720,38
1781629185,208.96,6,3.7709,38
1781629186,208.96,6,3.7698,38
1781629187,209.02,2,3.7715,38
1781629188,208.99,9,3.7711,38
1781629189,208.99,9,3.7700,38
1781629190,208.98,8,3.7690,38
1781629191,208.96,6,3.7682,38
1781629192,208.95,5,3.7672,38
1781629193,208.87,7,3.7710,38
1781629194,208.87,7,3.7699,38
1781629195,208.91,1,3.7701,38
1781629196,208.93,3,3.7693,38
1781629197,208.96,6,3.7689,38
1781629198,209,0,3.7690,38
1781629199,208.98,8,3.7683,38
1781629200,208.99,9,3.7673,38
1781629201,209.06,6,3.7699,38
1781629202,208.91,1,3.7858,38
1781629203,208.93,3,3.7851,38
1781629204,208.94,4,3.7841,38
1781629205,208.94,4,3.7830,38
1781629206,208.92,2,3.7822,38
1781629207,208.95,5,3.7818,38
1781629208,208.95,5,3.7807,38
1781629209,209,0,3.7815,38
1781629210,209.02,2,3.7808,38
1781629211,208.97,7,3.7816,38
1781629212,208.99,9,3.7808,38
1781629213,209,0,3.7798,38
1781629214,208.94,4,3.7814,38
1781629215,208.93,3,3.7804,38
1781629216,208.98,8,3.7812,38
1781629217,209,0,3.7804,38
1781629218,209.06,6,3.7821,38
1781629219,209.03,3,3.7817,38
1781629220,209.09,9,3.7833,38
1781629221,209.18,8,3.7883,38
1781629222,209.16,6,3.7875,38
1781629223,209.29,9,3.7990,38
1781629224,209.22,2,3.8016,38
1781629225,209.19,9,3.8012,38
1781629226,209.24,4,3.8020,38
1781629227,209.25,5,3.8010,38
1781629228,209.2,0,3.8017,38
1781629229,209.25,5,3.8025,38
1781629230,209.26,6,3.8015,38
1781629231,209.23,3,3.8011,38
1781629232,209.2,0,3.8007,38
1781629233,209.16,6,3.8008,38
1781629234,209.25,5,3.8057,38
1781629235,209.21,1,3.8059,38
1781629236,209.19,9,3.8051,38
1781629237,209.21,1,3.8043,38
1781629238,209.26,6,3.8051,38
1781629239,209.29,9,3.8047,38
1781629240,209.29,9,3.8036,38
1781629241,209.34,4,3.8044,38
1781629242,209.42,2,3.8080,38
1781629243,209.41,1,3.8070,38
1781629244,209.42,2,3.8061,38
1781629245,209.36,6,3.8076,38
1781629246,209.3,0,3.8092,38
1781629247,209.23,3,3.8117,38
1781629248,209.26,6,3.8113,38
1781629249,209.28,8,3.8106,38
1781629250,209.26,6,3.8098,38
1781629251,209.22,2,3.8099,38
1781629252,209.23,3,3.8081,38
1781629253,209.35,5,3.8186,38
1781629254,209.37,7,3.8183,38
1781629255,209.33,3,3.8183,38
1781629256,209.34,4,3.8183,38
1781629257,209.36,6,3.8174,38
1781629258,209.34,4,3.8177,38
1781629259,209.37,7,3.8181,38
1781629260,209.31,1,3.8195,38
1781629261,209.37,7,3.8215,38
1781629262,209.34,4,3.8221,38
1781629263,209.32,2,3.8223,38
1781629264,209.3,0,3.8219,38
1781629265,209.28,8,3.8215,38
1781629266,209.23,3,3.8231,38
1781629267,209.23,3,3.8228,38
1781629268,209.25,5,3.8224,38
1781629269,209.23,3,3.8215,38
1781629270,209.2,0,3.8219,38
1781629271,209.22,2,3.8219,38
1781629272,209.16,6,3.8210,38
1781629273,209.16,6,3.8209,38
1781629274,209.15,5,3.8207,38
1781629275,209.21,1,3.8230,38
1781629276,209.22,2,3.8230,38
1781629277,209.18,8,3.8239,38
1781629278,209.15,5,3.8242,38
1781629279,209.2,0,3.8258,38
1781629280,209.2,0,3.8239,38
1781629281,209.31,1,3.8324,38
1781629282,209.23,3,3.8368,38
1781629283,209.19,9,3.8373,38
1781629284,209.21,1,3.8373,38
1781629285,209.2,0,3.8373,38
1781629286,209.2,0,3.8361,38
1781629287,209.13,3,3.8379,38
1781629288,209.17,7,3.8390,38
1781629289,209.15,5,3.8393,38
1781629290,209.14,4,3.8387,38
1781629291,209.15,5,3.8387,38
1781629292,209.18,8,3.8387,38
1781629293,209.13,3,3.8369,38
1781629294,209.12,2,3.8352,38
1781629295,209.1,0,3.8337,38
1781629296,209.05,5,3.8337,38
1781629297,209.06,6,3.8335,38
1781629298,209.07,7,3.8332,38
1781629299,209.05,5,3.8324,38
1781629300,208.99,9,3.8350,38
1781629301,209.01,1,3.8350,38
1781629302,209,0,3.8350,38
1781629303,208.99,9,3.8350,38
1781629304,209.03,3,3.8350,38
1781629305,209.01,1,3.8317,38
1781629306,208.93,3,3.8305,38
1781629307,208.97,7,3.8316,38
1781629308,209.01,1,3.8309,38
1781629309,209.02,2,3.8298,38
1781629310,208.99,9,3.8305,38
1781629311,209.04,4,3.8322,38
1781629312,209.03,3,3.8218,38
1781629313,209.05,5,3.8210,38
1781629314,209,0,3.8227,38
1781629315,208.97,7,3.8215,38
1781629316,208.98,8,3.8190,38
1781629317,209.02,2,3.8202,38
1781629318,209,0,3.8204,38
1781629319,209.01,1,3.8202,38
1781629320,209.01,1,3.8201,38
1781629321,208.95,5,3.8215,38
1781629322,208.94,4,3.8215,38
1781629323,208.94,4,3.8189,38
1781629324,208.93,3,3.8164,38
1781629325,209,0,3.8197,38
1781629326,209.04,4,3.8190,38
1781629327,208.96,6,3.8218,38
1781629328,208.95,5,3.8219,38
1781629329,208.94,4,3.8184,38
1781629330,208.99,9,3.8202,38
1781629331,208.99,9,3.8202,38
1781629332,209.01,1,3.8193,38
1781629333,209.01,1,3.8175,38
1781629334,208.99,9,3.8175,38
1781629335,208.98,8,3.8173,38
1781629336,208.97,7,3.8173,38
1781629337,208.92,2,3.8191,38
1781629338,208.93,3,3.8191,38
1781629339,208.95,5,3.8191,38
1781629340,208.98,8,3.8191,38
1781629341,208.97,7,3.8191,38
1781629342,209.01,1,3.8200,38
1781629343,209.01,1,3.8197,38
1781629344,208.96,6,3.8215,38
1781629345,208.98,8,3.8218,38
1781629346,208.98,8,3.8218,38
1781629347,209.03,3,3.8148,38
1781629348,209.06,6,3.8154,38
1781629349,209.07,7,3.8143,38
1781629350,209.05,5,3.8139,38
1781629351,209.08,8,3.8143,38
1781629352,209.01,1,3.8178,38
1781629353,208.95,5,3.8197,38
1781629354,208.93,3,3.8199,38
1781629355,208.94,4,3.8200,38
1781629356,208.93,3,3.8198,38
1781629357,208.96,6,3.8205,38
1781629358,208.97,7,3.8205,38
1781629359,209,0,3.8205,38
1781629360,209.05,5,3.8222,38
1781629361,209.04,4,3.8223,38
1781629362,209.07,7,3.8183,38
1781629363,209.08,8,3.8183,38
1781629364,209.08,8,3.8183,38
1781629365,209.08,8,3.8183,38
1781629366,209.16,6,3.8226,38
1781629367,209.12,2,3.8235,38
1781629368,209.04,4,3.8279,38
1781629369,209.07,7,3.8285,38
1781629370,209.08,8,3.8239,38
1781629371,209.06,6,3.8224,38
1781629372,209.09,9,3.8230,38
1781629373,209.06,6,3.8225,38
1781629374,209.06,6,3.8213,38
1781629375,209.08,8,3.8216,38
1781629376,209.08,8,3.8181,38
1781629377,209.04,4,3.8104,38
1781629378,209.07,7,3.8110,38
1781629379,209.07,7,3.8109,38
1781629380,209.05,5,3.8094,38
1781629381,209.07,7,3.8096,38
1781629382,209.05,5,3.8096,38
1781629383,209.07,7,3.8098,38
1781629384,209.02,2,3.8116,38
1781629385,209.06,6,3.8110,38
1781629386,209.06,6,3.8084,38
1781629387,209.09,9,3.8072,38
1781629388,209.15,5,3.8097,38
1781629389,209.16,6,3.8080,38
1781629390,209.18,8,3.8082,38
1781629391,209.18,8,3.8076,38
1781629392,209.2,0,3.8060,38
1781629393,209.18,8,3.8060,38
1781629394,209.15,5,3.7962,38
1781629395,209.16,6,3.7936,38
1781629396,209.16,6,3.7918,38
1781629397,209.13,3,3.7924,38
1781629398,209.02,2,3.8010,38
1781629399,208.97,7,3.7955,38
1781629400,208.99,9,3.7958,38
1781629401,208.88,8,3.8043,38
1781629402,208.86,6,3.8011,38
1781629403,208.81,1,3.8011,38
1781629404,208.79,9,3.8011,38
1781629405,208.74,4,3.8028,38
1781629406,208.72,2,3.8019,38
1781629407,208.75,5,3.8014,38
1781629408,208.85,5,3.8061,38
1781629409,208.87,7,3.8057,38
1781629410,208.95,5,3.8101,38
1781629411,208.95,5,3.8098,38
1781629412,208.91,1,3.8107,38
1781629413,208.95,5,3.8116,38
1781629414,208.96,6,3.8110,38
1781629415,208.92,2,3.8121,38
1781629416,208.95,5,3.8127,38
1781629417,208.94,4,3.8127,38
1781629418,208.97,7,3.8132,38
1781629419,209.03,3,3.8152,38
1781629420,209.04,4,3.8135,38
1781629421,208.99,9,3.8153,38
1781629422,208.94,4,3.8171,38
1781629423,208.95,5,3.8136,38
1781629424,208.95,5,3.8135,38
1781629425,209,0,3.8127,38
1781629426,208.99,9,3.8125,38
1781629427,208.93,3,3.8149,38
1781629428,208.92,2,3.8146,38
1781629429,208.9,0,3.8123,38
1781629430,208.95,5,3.8135,38
1781629431,208.9,0,3.8135,38
1781629432,208.91,1,3.8109,38
1781629433,208.89,9,3.8112,38
1781629434,208.92,2,3.8107,38
1781629435,208.87,7,3.8124,38
1781629436,208.85,5,3.8127,38
1781629437,208.87,7,3.8127,38
1781629438,208.87,7,3.8124,38
1781629439,208.82,2,3.8124,38
1781629440,208.75,5,3.8159,38
1781629441,208.76,6,3.8159,38
1781629442,208.74,4,3.8159,38
1781629443,208.74,4,3.8123,38
1781629444,208.72,2,3.8090,38
1781629445,208.76,6,3.8102,38
1781629446,208.77,7,3.8096,38
1781629447,208.85,5,3.8143,38
1781629448,208.88,8,3.8146,38
1781629449,208.82,2,3.8161,38
1781629450,208.77,7,3.8176,38
1781629451,208.73,3,3.8187,38
1781629452,208.69,9,3.8181,38
1781629453,208.7,0,3.8181,38
1781629454,208.7,0,3.8178,38
1781629455,208.76,6,3.8192,38
1781629456,208.7,0,3.8192,38
1781629457,208.75,5,3.8207,38
1781629458,208.73,3,3.8184,38
1781629459,208.78,8,3.8202,38
1781629460,208.75,5,3.8190,38
1781629461,208.73,3,3.8186,38
1781629462,208.71,1,3.8186,38
1781629463,208.74,4,3.8186,38
1781629464,208.71,1,3.8192,38
1781629465,208.7,0,3.8186,38
1781629466,208.72,2,3.8186,38
1781629467,208.81,1,3.8245,38
1781629468,208.82,2,3.8243,38
1781629469,208.77,7,3.8261,38
1781629470,208.72,2,3.8279,38
1781629471,208.69,9,3.8279,38
1781629472,208.66,6,3.8279,38
1781629473,208.71,1,3.8291,38
1781629474,208.73,3,3.8293,38
1781629475,208.73,3,3.8287,38
1781629476,208.79,9,3.8277,38
1781629477,208.76,6,3.8284,38
1781629478,208.77,7,3.8273,38
1781629479,208.82,2,3.8288,38
1781629480,208.87,7,3.8295,38
1781629481,208.86,6,3.8292,38
1781629482,208.81,1,3.8292,38
1781629483,208.77,7,3.8301,38
1781629484,208.77,7,3.8298,38
1781629485,208.73,3,3.8307,38
1781629486,208.75,5,3.8307,38
1781629487,208.82,2,3.8336,38
1781629488,208.87,7,3.8351,38
1781629489,208.93,3,3.8377,38
1781629490,208.98,8,3.8392,38
1781629491,208.99,9,3.8305,38
1781629492,209.05,5,3.8328,38
1781629493,209.03,3,3.8330,38
1781629494,209.04,4,3.8319,38
1781629495,209.07,7,3.8290,38
1781629496,209.09,9,3.8292,38
1781629497,209.09,9,3.8234,38
1781629498,209.05,5,3.8239,38
1781629499,209.05,5,3.8239,38
1781629500,209.03,3,3.8235,38
1781629501,209.02,2,3.8218,38
1781629502,209,0,3.8221,38
1781629503,208.96,6,3.8232,38
1781629504,209,0,3.8241,38
1781629505,209.04,4,3.8253,38
1781629506,208.99,9,3.8259,38
1781629507,209.03,3,3.8271,38
1781629508,209.06,6,3.8259,38
1781629509,209.02,2,3.8235,38
1781629510,209,0,3.8235,38
1781629511,208.92,2,3.8275,38
1781629512,208.87,7,3.8290,38
1781629513,208.79,9,3.8336,38
1781629514,208.88,8,3.8377,38
1781629515,208.81,1,3.8400,38
1781629516,208.83,3,3.8403,38
1781629517,208.87,7,3.8412,38
1781629518,208.95,5,3.8458,38
1781629519,208.98,8,3.8463,38
1781629520,208.93,3,3.8479,38
1781629521,208.93,3,3.8476,38
1781629522,208.92,2,3.8474,38
1781629523,208.88,8,3.8467,38
1781629524,208.81,1,3.8502,39
1781629525,208.84,4,3.8505,39
1781629526,208.81,1,3.8494,38
1781629527,208.82,2,3.8483,38
1781629528,208.83,3,3.8481,38
1781629529,208.78,8,3.8499,38
1781629530,208.84,4,3.8524,39
1781629531,208.88,8,3.8518,39
1781629532,208.85,5,3.8498,38
1781629533,208.86,6,3.8498,38
1781629534,208.82,2,3.8507,39
1781629535,208.8,0,3.8510,39
1781629536,208.83,3,3.8516,39
1781629537,208.87,7,3.8528,39
1781629538,208.93,3,3.8518,39
1781629539,208.92,2,3.8501,39
1781629540,208.9,0,3.8501,39
1781629541,208.87,7,3.8507,39
1781629542,208.87,7,3.8504,39
1781629543,208.85,5,3.8504,39
1781629544,208.86,6,3.8487,38
1781629545,208.85,5,3.8469,38
1781629546,208.89,9,3.8478,38
1781629547,208.9,0,3.8461,38
1781629548,208.89,9,3.8426,38
1781629549,208.85,5,3.8434,38
1781629550,208.87,7,3.8411,38
1781629551,208.87,7,3.8339,38
1781629552,208.85,5,3.8330,38
1781629553,208.93,3,3.8370,38
1781629554,208.91,1,3.8366,38
1781629555,208.85,5,3.8381,38
1781629556,208.87,7,3.8381,38
1781629557,208.87,7,3.8378,38
1781629558,208.86,6,3.8376,38
1781629559,208.87,7,3.8365,38
1781629560,208.91,1,3.8376,38
1781629561,208.9,0,3.8341,38
1781629562,208.93,3,3.8322,38
1781629563,209.01,1,3.8365,38
1781629564,209.01,1,3.8358,38
1781629565,208.97,7,3.8370,38
1781629566,208.95,5,3.8366,38
1781629567,208.97,7,3.8363,38
1781629568,208.97,7,3.8304,38
1781629569,208.98,8,3.8287,38
1781629570,208.91,1,3.8296,38
1781629571,208.92,2,3.8294,38
1781629572,209.01,1,3.8350,38
1781629573,209.07,7,3.8373,38
1781629574,209.09,9,3.8375,38
1781629575,209.12,2,3.8375,38
1781629576,209.09,9,3.8382,38
1781629577,209.12,2,3.8370,38
1781629578,209.1,0,3.8366,38
1781629579,209.11,1,3.8366,38
1781629580,209.04,4,3.8401,38
1781629581,209.03,3,3.8366,38
1781629582,209.1,0,3.8395,38
1781629583,209.09,9,3.8393,38
1781629584,209.14,4,3.8411,38
1781629585,209.19,9,3.8429,38
1781629586,209.21,1,3.8420,38
1781629587,209.18,8,3.8426,38
1781629588,209.17,7,3.8408,38
1781629589,209.15,5,3.8411,38
1781629590,209.16,6,3.8393,38
1781629591,209.13,3,3.8399,38
1781629592,209.12,2,3.8364,38
1781629593,209.09,9,3.8368,38
1781629594,209.05,5,3.8373,38
1781629595,208.97,7,3.8393,38
1781629596,208.96,6,3.8387,38
1781629597,209,0,3.8373,38
1781629598,208.98,8,3.8350,38
1781629599,208.97,7,3.8304,38
1781629600,209.04,4,3.8339,38
1781629601,209,0,3.8344,38
1781629602,209,0,3.8308,38
1781629603,208.96,6,3.8294,38
1781629604,208.98,8,3.8285,38
1781629605,208.95,5,3.8289,38
1781629606,208.99,9,3.8300,38
1781629607,208.96,6,3.8234,38
1781629608,208.99,9,3.8238,38
1781629609,209.07,7,3.8284,38
1781629610,209.01,1,3.8292,38
1781629611,208.92,2,3.8315,38
1781629612,208.89,9,3.8321,38
1781629613,208.92,2,3.8321,38
1781629614,208.95,5,3.8321,38
1781629615,208.98,8,3.8321,38
1781629616,208.95,5,3.8327,38
1781629617,208.99,9,3.8327,38
1781629618,209.01,1,3.8318,38
1781629619,209.03,3,3.8303,38
1781629620,209,0,3.8308,38
1781629621,208.98,8,3.8305,38
1781629622,208.97,7,3.8303,38
1781629623,208.99,9,3.8287,38
1781629624,208.99,9,3.8269,38
1781629625,208.95,5,3.8280,38
1781629626,208.9,0,3.8295,38
1781629627,208.87,7,3.8266,38
1781629628,208.85,5,3.8266,38
1781629629,208.87,7,3.8266,38
1781629630,208.86,6,3.8249,38
1781629631,208.85,5,3.8250,38
1781629632,208.76,6,3.8308,38
1781629633,208.74,4,3.8305,38
1781629634,208.79,9,3.8322,38
1781629635,208.77,7,3.8325,38
1781629636,208.71,1,3.8333,38
1781629637,208.74,4,3.8314,38
1781629638,208.76,6,3.8305,38
1781629639,208.81,1,3.8323,38
1781629640,208.81,1,3.8311,38
1781629641,208.78,8,3.8311,38
1781629642,208.86,6,3.8357,38
1781629643,208.82,2,3.8368,38
1781629644,208.81,1,3.8362,38
1781629645,208.85,5,3.8371,38
1781629646,208.79,9,3.8371,38
1781629647,208.74,4,3.8386,38
1781629648,208.75,5,3.8384,38
1781629649,208.78,8,3.8390,38
1781629650,208.79,9,3.8384,38
1781629651,208.75,5,3.8393,38
1781629652,208.76,6,3.8358,38
1781629653,208.75,5,3.8332,38
1781629654,208.74,4,3.8315,38
1781629655,208.74,4,3.8303,38
1781629656,208.78,8,3.8315,38
1781629657,208.83,3,3.8307,38
1781629658,208.82,2,3.8308,38
1781629659,209.55,5,3.8318,38
1781629660,209.48,8,3.8353,38
1781629661,209.55,5,3.8388,38
1781629662,209.61,1,3.8414,38
1781629663,209.63,3,3.8417,38
1781629664,209.6,0,3.8423,38
1781629665,209.59,9,3.8421,38
1781629666,209.56,6,3.8416,38
1781629667,209.59,9,3.8422,38
1781629668,209.53,3,3.8445,38
1781629669,209.59,9,3.8470,38
1781629670,209.52,2,3.8506,39
1781629671,209.52,2,3.8470,38
1781629672,209.49,9,3.8474,38
1781629673,209.41,1,3.8502,39
1781629674,209.41,1,3.8502,39
1781629675,209.43,3,3.8498,38
1781629676,209.42,2,3.8487,38
1781629677,209.4,0,3.8489,38
1781629678,209.41,1,3.8489,38
1781629679,209.43,3,3.8491,38
1781629680,209.43,3,3.8489,38
1781629681,209.4,0,3.8483,38
1781629682,209.37,7,3.8487,38
1781629683,209.35,5,3.8489,38
1781629684,209.35,5,3.8471,38
1781629685,209.32,2,3.8466,38
1781629686,209.31,1,3.8449,38
1781629687,209.32,2,3.8447,38
1781629688,209.24,4,3.8486,38
1781629689,209.23,3,3.8481,38
1781629690,209.28,8,3.8498,38
1781629691,209.28,8,3.8491,38
1781629692,209.29,9,3.8491,38
1781629693,209.31,1,3.8494,38
1781629694,209.23,3,3.8539,39
1781629695,209.24,4,3.8539,39
1781629696,209.24,4,3.8536,39
1781629697,209.19,9,3.8536,39
1781629698,209.15,5,3.8545,39
1781629699,209.15,5,3.8538,39
1781629700,209.13,3,3.8541,39
1781629701,209.15,5,3.8525,39
1781629702,209.16,6,3.8520,39
1781629703,209.16,6,3.8508,39
1781629704,209.12,2,3.8508,39
1781629705,209.13,3,3.8508,39
1781629706,209.19,9,3.8522,39
1781629707,209.15,5,3.8516,39
1781629708,209.17,7,3.8519,39
1781629709,209.14,4,3.8499,38
1781629710,209.11,1,3.8494,38
1781629711,209.11,1,3.8494,38
1781629712,209.07,7,3.8499,38
1781629713,209.12,2,3.8517,39
1781629714,209.11,1,3.8515,39
1781629715,209.11,1,3.8489,38
1781629716,209.1,0,3.8489,38
1781629717,209.08,8,3.8480,38
1781629718,209.09,9,3.8474,38
1781629719,209.09,9,3.8468,38
1781629720,209.1,0,3.8442,38
1781629721,209.04,4,3.8462,38
1781629722,209.05,5,3.8456,38
1781629723,208.96,6,3.8496,38
1781629724,209.02,2,3.8522,39
1781629725,209.05,5,3.8529,39
1781629726,209.1,0,3.8541,39
1781629727,209.09,9,3.8506,39
1781629728,209.07,7,3.8436,38
1781629729,209.04,4,3.8436,38
1781629730,209.09,9,3.8452,38
1781629731,209.08,8,3.8452,38
1781629732,209,0,3.8497,38
1781629733,208.98,8,3.8494,38
1781629734,208.96,6,3.8450,38
1781629735,208.92,2,3.8461,38
1781629736,208.93,3,3.8462,38
1781629737,208.88,8,3.8479,38
1781629738,208.79,9,3.8535,39
1781629739,208.8,0,3.8517,39
1781629740,208.86,6,3.8497,38
1781629741,208.88,8,3.8489,38
1781629742,208.82,2,3.8514,39
1781629743,208.77,7,3.8525,39
1781629744,208.78,8,3.8515,39
1781629745,208.74,4,3.8520,39
1781629746,208.74,4,3.8520,39
1781629747,208.71,1,3.8520,39
1781629748,208.75,5,3.8528,39
1781629749,208.76,6,3.8526,39
1781629750,208.72,2,3.8537,39
1781629751,208.73,3,3.8537,39
1781629752,208.71,1,3.8522,39
1781629753,208.77,7,3.8541,39
1781629754,208.79,9,3.8518,39
1781629755,208.75,5,3.8523,39
1781629756,208.75,5,3.8465,38
1781629757,208.77,7,3.8467,38
1781629758,208.84,4,3.8499,38
1781629759,208.82,2,3.8502,39
1781629760,208.81,1,3.8491,38
1781629761,208.86,6,3.8509,39
1781629762,208.93,3,3.8533,39
1781629763,208.94,4,3.8530,39
1781629764,208.98,8,3.8539,39
1781629765,209.04,4,3.8559,39
1781629766,209.08,8,3.8564,39
1781629767,209.03,3,3.8579,39
1781629768,209.01,1,3.8581,39
1781629769,208.99,9,3.8566,39
1781629770,209.02,2,3.8572,39
1781629771,209.07,7,3.8579,39
1781629772,209.03,3,3.8590,39
1781629773,209.07,7,3.8595,39
1781629774,209.15,5,3.8639,39
1781629775,209.15,5,3.8636,39
1781629776,209.15,5,3.8635,39
1781629777,209.14,4,3.8624,39
1781629778,209.14,4,3.8621,39
1781629779,209.2,0,3.8647,39
1781629780,209.18,8,3.8649,39
1781629781,209.18,8,3.8649,39
1781629782,209.15,5,3.8652,39
1781629783,209.16,6,3.8646,39
1781629784,209.14,4,3.8614,39
1781629785,209.14,4,3.8611,39
1781629786,209.17,7,3.8617,39
1781629787,209.18,8,3.8618,39
1781629788,209.16,6,3.8609,39
1781629789,209.17,7,3.8592,39
1781629790,209.17,7,3.8585,39
1781629791,209.22,2,3.8585,39
1781629792,209.18,8,3.8571,39
1781629793,209.17,7,3.8565,39
1781629794,209.14,4,3.8525,39
1781629795,209.17,7,3.8532,39
1781629796,209.2,0,3.8535,39
1781629797,209.24,4,3.8512,39
1781629798,209.2,0,3.8517,39
1781629799,209.18,8,3.8502,39
1781629800,209.14,4,3.8507,39
1781629801,209.12,2,3.8503,39
1781629802,209.13,3,3.8486,38
1781629803,209.15,5,3.8453,38
1781629804,209.16,6,3.8447,38
1781629805,209.17,7,3.8442,38
1781629806,209.2,0,3.8436,38
1781629807,209.18,8,3.8436,38
1781629808,209.19,9,3.8411,38
1781629809,209.28,8,3.8469,38
1781629810,209.2,0,3.8512,39
1781629811,209.27,7,3.8548,39
1781629812,209.32,2,3.8565,39
1781629813,209.34,4,3.8561,39
1781629814,209.35,5,3.8561,39
1781629815,209.35,5,3.8561,39
1781629816,209.38,8,3.8549,39
1781629817,209.35,5,3.8555,39
1781629818,209.42,2,3.8584,39
1781629819,209.48,8,3.8609,39
1781629820,209.48,8,3.8574,39
1781629821,209.45,5,3.8577,39
1781629822,209.43,3,3.8574,39
1781629823,209.44,4,3.8574,39
1781629824,209.43,3,3.8574,39
1781629825,209.4,0,3.8578,39
1781629826,209.38,8,3.8578,39
1781629827,209.38,8,3.8566,39
1781629828,209.35,5,3.8572,39
1781629829,209.37,7,3.8549,39
1781629830,209.43,3,3.8557,39
1781629831,209.49,9,3.8577,39
1781629832,209.44,4,3.8583,39
1781629833,209.43,3,3.8548,39
1781629834,209.43,3,3.8537,39
1781629835,209.41,1,3.8537,39
1781629836,209.45,5,3.8542,39
1781629837,209.51,1,3.8550,39
1781629838,209.42,2,3.8608,39
1781629839,209.38,8,3.8616,39
1781629840,209.34,4,3.8616,39
1781629841,209.3,0,3.8625,39
1781629842,209.24,4,3.8639,39
1781629843,209.31,1,3.8663,39
1781629844,209.35,5,3.8672,39
1781629845,209.35,5,3.8660,39
1781629846,209.32,2,3.8649,39
1781629847,209.26,6,3.8657,39
1781629848,209.31,1,3.8675,39
1781629849,209.29,9,3.8675,39
1781629850,209.32,2,3.8681,39
1781629851,209.22,2,3.8746,39
1781629852,209.22,2,3.8746,39
1781629853,209.16,6,3.8736,39
1781629854,209.11,1,3.8751,39
1781629855,209.11,1,3.8748,39
1781629856,209.07,7,3.8760,39
1781629857,208.99,9,3.8788,39
1781629858,209.05,5,3.8811,39
1781629859,209.02,2,3.8799,39
1781629860,209.06,6,3.8804,39
1781629861,209.07,7,3.8804,39
1781629862,209.05,5,3.8807,39
1781629863,209.01,1,3.8818,39
1781629864,208.98,8,3.8807,39
1781629865,208.99,9,3.8796,39
1781629866,208.99,9,3.8796,39
1781629867,208.96,6,3.8796,39
1781629868,208.94,4,3.8753,39
1781629869,208.88,8,3.8776,39
1781629870,208.98,8,3.8812,39
1781629871,208.93,3,3.8830,39
1781629872,208.93,3,3.8823,39
1781629873,208.95,5,3.8800,39
1781629874,208.94,4,3.8775,39
1781629875,208.94,4,3.8769,39
1781629876,208.97,7,3.8769,39
1781629877,208.93,3,3.8779,39
1781629878,208.93,3,3.8779,39
1781629879,208.96,6,3.8751,39
1781629880,208.95,5,3.8748,39
1781629881,208.96,6,3.8749,39
1781629882,208.98,8,3.8741,39
1781629883,208.93,3,3.8752,39
1781629884,208.92,2,3.8753,39
1781629885,208.95,5,3.8753,39
1781629886,208.91,1,3.8746,39
1781629887,208.95,5,3.8758,39
1781629888,208.94,4,3.8756,39
1781629889,208.97,7,3.8761,39
1781629890,208.95,5,3.8738,39
1781629891,209.04,4,3.8794,39
1781629892,208.98,8,3.8819,39
1781629893,209.01,1,3.8825,39
1781629894,209.04,4,3.8831,39
1781629895,209.04,4,3.8828,39
1781629896,209.04,4,3.8825,39
1781629897,209.03,3,3.8823,39
1781629898,208.97,7,3.8846,39
1781629899,208.93,3,3.8855,39
1781629900,208.92,2,3.8852,39
1781629901,208.89,9,3.8859,39
1781629902,208.82,2,3.8836,39
1781629903,208.79,9,3.8842,39
1781629904,208.8,0,3.8842,39
1781629905,208.83,3,3.8813,39
1781629906,208.82,2,3.8813,39
1781629907,208.85,5,3.8819,39
1781629908,208.83,3,3.8822,39
1781629909,208.85,5,3.8822,39
1781629910,208.87,7,3.8824,39
1781629911,208.87,7,3.8778,39
1781629912,208.86,6,3.8778,39
1781629913,208.88,8,3.8774,39
1781629914,208.96,6,3.8820,39
1781629915,208.99,9,3.8820,39
1781629916,208.97,7,3.8822,39
1781629917,208.91,1,3.8837,39
1781629918,208.91,1,3.8825,39
1781629919,208.98,8,3.8835,39
1781629920,208.97,7,3.8832,39
1781629921,208.97,7,3.8814,39
1781629922,209.02,2,3.8826,39
1781629923,208.98,8,3.8826,39
1781629924,209,0,3.8817,39
1781629925,209.07,7,3.8846,39
1781629926,209.09,9,3.8849,39
1781629927,209.15,5,3.8874,39
1781629928,209.14,4,3.8868,39
1781629929,209.16,6,3.8870,39
1781629930,209.17,7,3.8868,39
1781629931,209.19,9,3.8865,39
1781629932,209.25,5,3.8879,39
1781629933,209.27,7,3.8875,39
1781629934,209.36,6,3.8922,39
1781629935,209.35,5,3.8916,39
1781629936,209.35,5,3.8910,39
1781629937,209.28,8,3.8927,39
1781629938,209.3,0,3.8930,39
1781629939,209.32,2,3.8932,39
1781629940,209.36,6,3.8943,39
1781629941,209.36,6,3.8942,39
1781629942,209.42,2,3.8942,39
1781629943,209.49,9,3.8919,39
1781629944,209.51,1,3.8919,39
1781629945,209.45,5,3.8945,39
1781629946,209.4,0,3.8960,39
1781629947,209.44,4,3.8971,39
1781629948,209.39,9,3.8982,39
1781629949,209.39,9,3.8980,39
1781629950,209.36,6,3.8986,39
1781629951,209.36,6,3.8980,39
1781629952,209.39,9,3.8985,39
1781629953,209.36,6,3.8974,39
1781629954,209.31,1,3.8980,39
1781629955,209.38,8,3.9015,39
1781629956,209.38,8,3.9008,39
1781629957,209.4,0,3.8965,39
1781629958,209.37,7,3.8946,39
1781629959,209.37,7,3.8875,39
1781629960,209.36,6,3.8869,39
1781629961,209.31,1,3.8886,39
1781629962,209.3,0,3.8880,39
1781629963,209.3,0,3.8874,39
1781629964,209.35,5,3.8889,39
1781629965,209.39,9,3.8897,39
1781629966,209.37,7,3.8900,39
1781629967,209.42,2,3.8872,39
1781629968,209.44,4,3.8869,39
1781629969,209.4,0,3.8862,39
1781629970,209.39,9,3.8863,39
1781629971,209.32,2,3.8892,39
1781629972,209.38,8,3.8915,39
1781629973,209.35,5,3.8918,39
1781629974,209.36,6,3.8907,39
1781629975,209.37,7,3.8902,39
1781629976,209.45,5,3.8890,39
1781629977,209.39,9,3.8897,39
1781629978,209.36,6,3.8901,39
1781629979,209.39,9,3.8907,39
1781629980,209.36,6,3.8907,39
1781629981,209.34,4,3.8892,39
1781629982,209.37,7,3.8892,39
1781629983,209.39,9,3.8892,39
1781629984,209.37,7,3.8895,39
1781629985,209.38,8,3.8895,39
1781629986,209.32,2,3.8886,39
1781629987,209.34,4,3.8888,39
1781629988,209.38,8,3.8897,39
1781629989,209.38,8,3.8894,39
1781629990,209.38,8,3.8868,39
1781629991,209.41,1,3.8872,39
1781629992,209.46,6,3.8878,39
1781629993,209.43,3,3.8882,39
1781629994,209.43,3,3.8881,39
1781629995,209.45,5,3.8877,39
1781629996,209.49,9,3.8877,39
1781629997,209.42,2,3.8912,39
1781629998,209.41,1,3.8910,39
1781629999,209.4,0,3.8910,39
1781630000,209.43,3,3.8890,39
1781630001,209.43,3,3.8884,39
1781630002,209.42,2,3.8884,39
1781630003,209.37,7,3.8890,39
1781630004,209.35,5,3.8875,39
1781630005,209.32,2,3.8879,39
1781630006,209.36,6,3.8887,39
1781630007,209.37,7,3.8887,39
1781630008,209.34,4,3.8894,39
1781630009,209.34,4,3.8893,39
1781630010,209.28,8,3.8916,39
1781630011,209.22,2,3.8935,39
1781630012,209.19,9,3.8941,39
1781630013,209.23,3,3.8952,39
1781630014,209.16,6,3.8986,39
1781630015,209.2,0,3.8995,39
1781630016,209.24,4,3.9006,39
1781630017,209.26,6,3.9009,39
1781630018,209.3,0,3.9009,39
1781630019,209.3,0,3.9006,39
1781630020,209.32,2,3.9009,39
1781630021,209.35,5,3.8980,39
1781630022,209.34,4,3.8955,39
1781630023,209.34,4,3.8949,39
1781630024,209.38,8,3.8960,39
1781630025,209.36,6,3.8951,39
1781630026,209.37,7,3.8951,39
1781630027,209.34,4,3.8940,39
1781630028,209.33,3,3.8938,39
1781630029,209.34,4,3.8903,39
1781630030,209.37,7,3.8909,39
1781630031,209.43,3,3.8934,39
1781630032,209.44,4,3.8934,39
1781630033,209.42,2,3.8936,39
1781630034,209.42,2,3.8933,39
1781630035,209.41,1,3.8933,39
1781630036,209.43,3,3.8930,39
1781630037,209.41,1,3.8915,39
1781630038,209.39,9,3.8915,39
1781630039,209.41,1,3.8915,39
1781630040,209.4,0,3.8897,39
1781630041,209.37,7,3.8897,39
1781630042,209.39,9,3.8900,39
1781630043,209.32,2,3.8923,39
1781630044,209.34,4,3.8915,39
1781630045,209.39,9,3.8930,39
1781630046,209.47,7,3.8972,39
1781630047,209.44,4,3.8967,39
1781630048,209.48,8,3.8979,39
1781630049,209.51,1,3.8985,39
1781630050,209.52,2,3.8983,39
1781630051,209.5,0,3.8980,39
1781630052,209.5,0,3.8968,39
1781630053,209.6,0,3.9022,39
1781630054,209.55,5,3.9005,39
1781630055,209.56,6,3.8999,39
1781630056,209.49,9,3.9031,39
1781630057,209.54,4,3.9046,39
1781630058,209.57,7,3.9041,39
1781630059,209.6,0,3.9012,39
1781630060,209.57,7,3.9018,39
1781630061,209.57,7,3.9018,39
1781630062,209.6,0,3.9025,39
1781630063,209.6,0,3.9025,39
1781630064,209.52,2,3.9052,39
1781630065,209.49,9,3.9056,39
1781630066,209.49,9,3.9044,39
1781630067,209.52,2,3.9025,39
1781630068,209.56,6,3.9036,39
1781630069,209.5,0,3.9050,39
1781630070,209.3,0,3.9331,39
1781630071,209.29,9,3.9332,39
1781630072,209.21,1,3.9366,39
1781630073,209.21,1,3.9365,39
1781630074,209.17,7,3.9370,39
1781630075,209.13,3,3.9381,39
1781630076,209.11,1,3.9359,39
1781630077,209.12,2,3.9359,39
1781630078,209.07,7,3.9376,39
1781630079,209.14,4,3.9404,39
1781630080,209.14,4,3.9398,39
1781630081,209.17,7,3.9398,39
1781630082,209.17,7,3.9395,39
1781630083,209.16,6,3.9395,39
1781630084,209.16,6,3.9361,39
1781630085,209.19,9,3.9364,39
1781630086,209.19,9,3.9353,39
1781630087,209.11,1,3.9387,39
1781630088,209.2,0,3.9433,39
1781630089,209.25,5,3.9448,39
1781630090,209.22,2,3.9419,39
1781630091,209.21,1,3.9403,39
1781630092,209.19,9,3.9388,39
1781630093,209.17,7,3.9388,39
1781630094,209.18,8,3.9388,39
1781630095,209.18,8,3.9385,39
1781630096,209.19,9,3.9374,39
1781630097,209.18,8,3.9369,39
1781630098,209.24,4,3.9376,39
1781630099,209.22,2,3.9373,39
1781630100,209.21,1,3.9348,39
1781630101,209.2,0,3.9346,39
1781630102,209.18,8,3.9331,39
1781630103,209.19,9,3.9321,39
1781630104,209.14,4,3.9338,39
1781630105,209.17,7,3.9344,39
1781630106,209.19,9,3.9346,39
1781630107,209.25,5,3.9346,39
1781630108,209.29,9,3.9346,39
1781630109,209.22,2,3.9380,39
1781630110,209.3,0,3.9414,39
1781630111,209.36,6,3.9436,39
1781630112,209.36,6,3.9411,39
1781630113,209.33,3,3.9417,39
1781630114,209.39,9,3.9417,39
1781630115,209.45,5,3.9442,39
1781630116,209.45,5,3.9442,39
1781630117,209.4,0,3.9457,39
1781630118,209.35,5,3.9440,39
1781630119,209.38,8,3.9443,39
1781630120,209.4,0,3.9446,39
1781630121,209.47,7,3.9469,39
1781630122,209.54,4,3.9458,39
1781630123,209.58,8,3.9467,39
1781630124,209.59,9,3.9442,39
1781630125,209.54,4,3.9453,39
1781630126,209.46,6,3.9498,39
1781630127,209.46,6,3.9480,39
1781630128,209.47,7,3.9474,39
1781630129,209.46,6,3.9469,39
1781630130,209.47,7,3.9470,39
1781630131,209.44,4,3.9465,39
1781630132,209.43,3,3.9465,39
1781630133,209.43,3,3.9459,39
1781630134,209.48,8,3.9470,39
1781630135,209.49,9,3.9471,39
1781630136,209.46,6,3.9466,39
1781630137,209.43,3,3.9455,39
1781630138,209.4,0,3.9436,39
1781630139,209.37,7,3.9441,39
1781630140,209.34,4,3.9430,39
1781630141,209.34,4,3.9427,39
1781630142,209.31,1,3.9433,39
1781630143,209.37,7,3.9433,39
1781630144,209.33,3,3.9441,39
1781630145,209.47,7,3.9534,40
1781630146,209.45,5,3.9534,40
1781630147,209.48,8,3.9540,40
1781630148,209.48,8,3.9540,40
1781630149,209.46,6,3.9542,40
1781630150,209.45,5,3.9531,40
1781630151,209.46,6,3.9532,40
1781630152,209.47,7,3.9515,40
1781630153,209.42,2,3.9532,40
1781630154,209.44,4,3.9510,40
1781630155,209.44,4,3.9498,39
1781630156,209.44,4,3.9498,39
1781630157,209.47,7,3.9493,39
1781630158,209.46,6,3.9449,39
1781630159,209.45,5,3.9432,39
1781630160,209.44,4,3.9376,39
1781630161,209.51,1,3.9410,39
1781630162,209.5,0,3.9410,39
1781630163,209.5,0,3.9407,39
1781630164,209.48,8,3.9407,39
1781630165,209.53,3,3.9424,39
1781630166,209.48,8,3.9435,39
1781630167,209.43,3,3.9452,39
1781630168,209.36,6,3.9486,39
1781630169,209.37,7,3.9484,39
1781630170,209.34,4,3.9487,39
1781630171,209.38,8,3.9496,39
1781630172,209.34,4,3.9500,40
1781630173,209.29,9,3.9507,40
1781630174,209.32,2,3.9502,40
1781630175,209.38,8,3.9527,40
1781630176,209.4,0,3.9504,40
1781630177,209.39,9,3.9498,39
1781630178,209.45,5,3.9524,40
1781630179,209.38,8,3.9555,40
1781630180,209.46,6,3.9598,40
1781630181,209.45,5,3.9587,40
1781630182,209.46,6,3.9588,40
1781630183,209.46,6,3.9587,40
1781630184,209.51,1,3.9602,40
1781630185,209.49,9,3.9548,40
1781630186,209.47,7,3.9533,40
1781630187,209.44,4,3.9536,40
1781630188,209.51,1,3.9570,40
1781630189,209.47,7,3.9579,40
1781630190,209.47,7,3.9579,40
1781630191,209.45,5,3.9547,40
1781630192,209.45,5,3.9512,40
1781630193,209.41,1,3.9521,40
1781630194,209.38,8,3.9527,40
1781630195,209.36,6,3.9485,39
1781630196,209.38,8,3.9477,39
1781630197,209.35,5,3.9482,39
1781630198,209.43,3,3.9527,40
1781630199,209.48,8,3.9527,40
1781630200,209.51,1,3.9532,40
1781630201,209.52,2,3.9532,40
1781630202,209.51,1,3.9522,40
1781630203,209.49,9,3.9490,39
1781630204,209.48,8,3.9473,39
1781630205,209.5,0,3.9473,39
1781630206,209.41,1,3.9527,40
1781630207,209.38,8,3.9477,39
1781630208,209.38,8,3.9470,39
1781630209,209.33,3,3.9487,39
1781630210,209.3,0,3.9493,39
1781630211,209.3,0,3.9490,39
1781630212,209.3,0,3.9489,39
1781630213,209.3,0,3.9486,39
1781630214,209.32,2,3.9464,39
1781630215,209.36,6,3.9475,39
1781630216,209.34,4,3.9433,39
1781630217,209.32,2,3.9433,39
1781630218,209.33,3,3.9416,39
1781630219,209.4,0,3.9433,39
1781630220,209.38,8,3.9433,39
1781630221,209.45,5,3.9461,39
1781630222,209.47,7,3.9461,39
1781630223,209.45,5,3.9461,39
1781630224,209.46,6,3.9450,39
1781630225,209.52,2,3.9473,39
1781630226,209.54,4,3.9475,39
1781630227,209.55,5,3.9458,39
1781630228,209.52,2,3.9453,39
1781630229,209.54,4,3.9445,39
1781630230,209.57,7,3.9426,39
1781630231,209.53,3,3.9426,39
1781630232,209.45,5,3.9446,39
1781630233,209.47,7,3.9448,39
1781630234,209.45,5,3.9444,39
1781630235,209.51,1,3.9469,39
1781630236,209.51,1,3.9462,39
1781630237,209.53,3,3.9431,39
1781630238,209.53,3,3.9405,39
1781630239,209.61,1,3.9448,39
1781630240,209.63,3,3.9444,39
1781630241,209.61,1,3.9447,39
1781630242,209.59,9,3.9443,39
1781630243,209.62,2,3.9405,39
1781630244,209.65,5,3.9408,39
1781630245,209.66,6,3.9398,39
1781630246,209.69,9,3.9401,39
1781630247,209.78,8,3.9452,39
1781630248,209.75,5,3.9455,39
1781630249,209.81,1,3.9481,39
1781630250,209.81,1,3.9455,39
1781630251,209.9,0,3.9487,39
1781630252,209.91,1,3.9485,39
1781630253,209.93,3,3.9487,39
1781630254,209.93,3,3.9481,39
1781630255,209.99,9,3.9503,40
1781630256,210.03,3,3.9512,40
1781630257,210.12,2,3.9566,40
1781630258,210.08,8,3.9574,40
1781630259,210.13,3,3.9507,40
1781630260,210.14,4,3.9501,40
1781630261,210.13,3,3.9501,40
1781630262,210.15,5,3.9503,40
1781630263,210.18,8,3.9509,40
1781630264,210.19,9,3.9492,39
1781630265,210.21,1,3.9484,39
1781630266,210.15,5,3.9484,39
1781630267,210.14,4,3.9484,39
1781630268,210.11,1,3.9487,39
1781630269,210.13,3,3.9479,39
1781630270,210.19,9,3.9459,39
1781630271,210.17,7,3.9455,39
1781630272,210.2,0,3.9455,39
1781630273,210.16,6,3.9466,39
1781630274,210.14,4,3.9458,39
1781630275,210.09,9,3.9464,39
1781630276,210.08,8,3.9453,39
1781630277,210.1,0,3.9450,39
1781630278,210.07,7,3.9455,39
1781630279,210.05,5,3.9447,39
1781630280,210.03,3,3.9432,39
1781630281,210.01,1,3.9432,39
1781630282,210.08,8,3.9381,39
1781630283,210.11,1,3.9387,39
1781630284,210.14,4,3.9391,39
1781630285,210.1,0,3.9399,39
1781630286,210.09,9,3.9388,39
1781630287,210.09,9,3.9318,39
1781630288,210.08,8,3.9312,39
1781630289,210.08,8,3.9301,39
1781630290,210.05,5,3.9301,39
1781630291,210.06,6,3.9301,39
1781630292,210.02,2,3.9309,39
1781630293,210.03,3,3.9307,39
1781630294,210.03,3,3.9306,39
1781630295,209.97,7,3.9331,39
1781630296,209.96,6,3.9329,39
1781630297,209.89,9,3.9363,39
1781630298,209.88,8,3.9361,39
1781630299,209.86,6,3.9364,39
1781630300,209.84,4,3.9366,39
1781630301,209.84,4,3.9354,39
1781630302,209.84,4,3.9352,39
1781630303,209.83,3,3.9350,39
1781630304,209.81,1,3.9341,39
1781630305,209.76,6,3.9352,39
1781630306,209.83,3,3.9342,39
1781630307,209.81,1,3.9333,39
1781630308,209.82,2,3.9331,39
1781630309,209.81,1,3.9321,39
1781630310,209.84,4,3.9326,39
1781630311,209.87,7,3.9333,39
1781630312,209.9,0,3.9313,39
1781630313,209.87,7,3.9309,39
1781630314,209.92,2,3.9309,39
1781630315,210,0,3.9351,39
1781630316,210.05,5,3.9323,39
1781630317,210.06,6,3.9318,39
1781630318,210.07,7,3.9318,39
1781630319,210.06,6,3.9301,39
1781630320,210.09,9,3.9273,39
1781630321,210.11,1,3.9276,39
1781630322,210.09,9,3.9267,39
1781630323,210.1,0,3.9265,39
1781630324,210.09,9,3.9209,39
1781630325,210.09,9,3.9209,39
1781630326,210.09,9,3.9208,39
1781630327,210.11,1,3.9210,39
1781630328,210.1,0,3.9208,39
1781630329,210.08,8,3.9211,39
1781630330,210.09,9,3.9211,39
1781630331,210.14,4,3.9183,39
1781630332,210.12,2,3.9160,39
1781630333,210.12,2,3.9143,39
1781630334,210.06,6,3.9165,39
1781630335,210.05,5,3.9131,39
1781630336,210.03,3,3.9109,39
1781630337,210.05,5,3.9086,39
1781630338,210.15,5,3.9154,39
1781630339,210.14,4,3.9152,39
1781630340,210.15,5,3.9135,39
1781630341,210.13,3,3.9135,39
1781630342,210.13,3,3.9128,39
1781630343,210.15,5,3.9120,39
1781630344,210.17,7,3.9097,39
1781630345,210.16,6,3.9091,39
1781630346,210.15,5,3.9089,39
1781630347,210.18,8,3.9095,39
1781630348,210.14,4,3.9104,39
1781630349,210.11,1,3.9109,39
1781630350,210.08,8,3.9113,39
1781630351,210.1,0,3.9113,39
1781630352,210.08,8,3.9098,39
1781630353,210.08,8,3.9080,39
1781630354,210.09,9,3.9078,39
1781630355,210.07,7,3.9063,39
1781630356,210.09,9,3.9059,39
1781630357,210.07,7,3.9056,39
1781630358,210.06,6,3.9050,39
1781630359,210.05,5,3.9051,39
1781630360,210.05,5,3.9033,39
1781630361,210.05,5,3.9007,39
1781630362,210.08,8,3.9014,39
1781630363,210.05,5,3.9020,39
1781630364,210.06,6,3.9020,39
1781630365,210.07,7,3.9010,39
1781630366,210.06,6,3.8999,39
1781630367,210.03,3,3.8960,39
1781630368,209.99,9,3.8965,39
1781630369,209.99,9,3.8958,39
1781630370,210.06,6,3.8990,39
1781630371,210.02,2,3.9001,39
1781630372,210.11,1,3.9058,39
1781630373,210.11,1,3.9023,39
1781630374,210.13,3,3.9023,39
1781630375,210.18,8,3.9035,39
1781630376,210.22,2,3.9043,39
1781630377,210.2,0,3.9039,39
1781630378,210.15,5,3.9012,39
1781630379,210.14,4,3.9012,39
1781630380,210.18,8,3.9012,39
1781630381,210.12,2,3.9032,39
1781630382,210.16,6,3.9037,39
1781630383,210.22,2,3.9051,39
1781630384,210.15,5,3.9085,39
1781630385,210.17,7,3.9082,39
1781630386,210.17,7,3.9082,39
1781630387,210.19,9,3.9084,39
1781630388,210.15,5,3.9069,39
1781630389,210.2,0,3.9084,39
1781630390,210.21,1,3.9084,39
1781630391,210.19,9,3.9042,39
1781630392,210.25,5,3.9061,39
1781630393,210.28,8,3.9067,39
1781630394,210.33,3,3.9084,39
1781630395,210.37,7,3.9094,39
1781630396,210.37,7,3.9094,39
1781630397,210.36,6,3.9092,39
1781630398,210.36,6,3.9067,39
1781630399,210.38,8,3.9069,39
1781630400,210.36,6,3.9065,39
1781630401,210.35,5,3.9031,39
1781630402,210.38,8,3.8992,39
1781630403,210.36,6,3.8995,39
1781630404,210.32,2,3.9005,39
1781630405,210.35,5,3.9009,39
1781630406,210.38,8,3.8990,39
1781630407,210.44,4,3.9009,39
1781630408,210.45,5,3.9007,39
1781630409,210.38,8,3.9035,39
1781630410,210.33,3,3.9047,39
1781630411,210.28,8,3.9064,39
1781630412,210.22,2,3.9089,39
1781630413,210.18,8,3.9089,39
1781630414,210.2,0,3.9089,39
1781630415,210.19,9,3.9089,39
1781630416,210.18,8,3.9084,39
1781630417,210.22,2,3.9077,39
1781630418,210.27,7,3.9095,39
1781630419,210.25,5,3.9063,39
1781630420,210.27,7,3.9066,39
1781630421,210.27,7,3.9054,39
1781630422,210.3,0,3.9058,39
1781630423,210.33,3,3.9064,39
1781630424,210.39,9,3.9078,39
1781630425,210.45,5,3.9097,39
1781630426,210.42,2,3.9103,39
1781630427,210.42,2,3.9085,39
1781630428,210.42,2,3.9079,39
1781630429,210.46,6,3.9090,39
1781630430,210.47,7,3.9084,39
1781630431,210.44,4,3.9090,39
1781630432,210.4,0,3.9099,39
1781630433,210.42,2,3.9067,39
1781630434,210.42,2,3.9064,39
1781630435,210.35,5,3.9099,39
1781630436,210.42,2,3.9127,39
1781630437,210.45,5,3.9127,39
1781630438,210.41,1,3.9127,39
1781630439,210.42,2,3.9127,39
1781630440,210.4,0,3.9104,39
1781630441,210.39,9,3.9105,39
1781630442,210.37,7,3.9101,39
1781630443,210.34,4,3.9096,39
1781630444,210.27,7,3.9131,39
1781630445,210.3,0,3.9111,39
1781630446,210.36,6,3.9134,39
1781630447,210.41,1,3.9149,39
1781630448,210.42,2,3.9147,39
1781630449,210.39,9,3.9153,39
1781630450,210.38,8,3.9119,39
1781630451,210.34,4,3.9131,39
1781630452,210.29,9,3.9131,39
1781630453,210.32,2,3.9136,39
1781630454,210.26,6,3.9159,39
1781630455,210.18,8,3.9187,39
1781630456,210.14,4,3.9198,39
1781630457,210.07,7,3.9215,39
1781630458,210.1,0,3.9176,39
1781630459,210.13,3,3.9157,39
1781630460,210.11,1,3.9159,39
1781630461,210.04,4,3.9191,39
1781630462,210.06,6,3.9136,39
1781630463,210.09,9,3.9142,39
1781630464,210.14,4,3.9159,39
1781630465,210.11,1,3.9140,39
1781630466,210.14,4,3.9145,39
1781630467,210.18,8,3.9131,39
1781630468,210.14,4,3.9117,39
1781630469,210.17,7,3.9121,39
1781630470,210.17,7,3.9120,39
1781630471,210.12,2,3.9103,39
1781630472,210.1,0,3.9099,39
1781630473,210.06,6,3.9093,39
1781630474,210.1,0,3.9086,39
1781630475,210.06,6,3.9091,39
1781630476,210.02,2,3.9100,39
1781630477,209.97,7,3.9083,39
1781630478,209.91,1,3.9108,39
1781630479,209.94,4,3.9089,39
1781630480,209.93,3,3.9044,39
1781630481,209.92,2,3.9038,39
1781630482,209.88,8,3.9032,39
1781630483,209.89,9,3.9030,39
1781630484,209.82,2,3.9053,39
1781630485,209.79,9,3.9057,39
1781630486,209.87,7,3.9096,39
1781630487,209.96,6,3.9136,39
1781630488,209.95,5,3.9133,39
1781630489,209.93,3,3.9130,39
1781630490,209.91,1,3.9121,39
1781630491,209.94,4,3.9121,39
1781630492,209.97,7,3.9128,39
1781630493,209.95,5,3.9131,39
1781630494,209.9,0,3.9145,39
1781630495,209.89,9,3.9111,39
1781630496,209.89,9,3.9094,39
1781630497,209.87,7,3.9090,39
1781630498,209.91,1,3.9101,39
1781630499,209.94,4,3.9096,39
1781630500,209.96,6,3.9087,39
1781630501,210,0,3.9099,39
1781630502,210.03,3,3.9105,39
1781630503,210.02,2,3.9106,39
1781630504,210.04,4,3.9074,39
1781630505,210.06,6,3.9070,39
1781630506,210.06,6,3.9064,39
1781630507,210.12,2,3.9089,39
1781630508,210.1,0,3.9080,39
1781630509,210.13,3,3.9084,39
1781630510,210.14,4,3.9078,39
1781630511,210.15,5,3.9061,39
1781630512,210.17,7,3.9061,39
1781630513,210.15,5,3.9038,39
1781630514,210.12,2,3.9044,39
1781630515,210.14,4,3.9036,39
1781630516,210.09,9,3.9053,39
1781630517,210.09,9,3.9042,39
1781630518,210.09,9,3.9041,39
1781630519,210.15,5,3.9060,39
1781630520,210.15,5,3.9059,39
1781630521,210.16,6,3.9054,39
1781630522,210.2,0,3.9047,39
1781630523,210.22,2,3.9050,39
1781630524,210.22,2,3.9015,39
1781630525,210.23,3,3.9016,39
1781630526,210.17,7,3.9041,39
1781630527,210.19,9,3.9041,39
1781630528,210.2,0,3.9024,39
1781630529,210.16,6,3.9029,39
1781630530,210.18,8,3.9014,39
1781630531,210.23,3,3.9031,39
1781630532,210.27,7,3.8922,39
1781630533,210.25,5,3.8924,39
1781630534,210.25,5,3.8921,39
1781630535,210.3,0,3.8938,39
1781630536,210.35,5,3.8955,39
1781630537,210.3,0,3.8967,39
1781630538,210.26,6,3.8975,39
1781630539,210.27,7,3.8973,39
1781630540,210.31,1,3.8967,39
1781630541,210.32,2,3.8967,39
1781630542,210.31,1,3.8967,39
1781630543,210.31,1,3.8956,39
1781630544,210.28,8,3.8962,39
1781630545,210.27,7,3.8960,39
1781630546,210.27,7,3.8942,39
1781630547,210.28,8,3.8936,39
1781630548,210.25,5,3.8942,39
1781630549,210.25,5,3.8924,39
1781630550,210.17,7,3.8967,39
1781630551,210.14,4,3.8962,39
1781630552,210.22,2,3.9001,39
1781630553,210.16,6,3.9024,39
1781630554,210.19,9,3.9030,39
1781630555,210.22,2,3.8990,39
1781630556,210.16,6,3.9015,39
1781630557,210.1,0,3.9006,39
1781630558,210.09,9,3.9004,39
1781630559,210.08,8,3.9004,39
1781630560,210.03,3,3.9022,39
1781630561,210.02,2,3.9022,39
1781630562,210.03,3,3.9020,39
1781630563,210.02,2,3.9020,39
1781630564,210.02,2,3.9017,39
1781630565,210.06,6,3.9028,39
1781630566,210.04,4,3.9028,39
1781630567,210.03,3,3.9026,39
1781630568,210.02,2,3.9020,39
1781630569,209.98,8,3.9031,39
1781630570,209.92,2,3.9056,39
1781630571,209.88,8,3.9042,39
1781630572,209.88,8,3.9039,39
1781630573,209.91,1,3.9042,39
1781630574,209.89,9,3.9044,39
1781630575,209.98,8,3.9067,39
1781630576,209.95,5,3.9067,39
1781630577,209.92,2,3.9067,39
1781630578,209.9,0,3.9059,39
1781630579,209.88,8,3.9059,39
1781630580,209.87,7,3.9059,39
1781630581,209.86,6,3.9059,39
1781630582,209.87,7,3.9049,39
1781630583,209.87,7,3.9049,39
1781630584,209.87,7,3.9014,39
1781630585,209.9,0,3.9020,39
1781630586,209.87,7,3.9025,39
1781630587,209.87,7,3.9019,39
1781630588,209.95,5,3.9058,39
1781630589,209.93,3,3.9054,39
1781630590,209.92,2,3.9049,39
1781630591,209.94,4,3.9045,39
1781630592,209.94,4,3.9010,39
1781630593,209.91,1,3.8991,39
1781630594,209.86,6,3.9002,39
1781630595,209.89,9,3.9006,39
1781630596,209.85,5,3.9017,39
1781630597,209.9,0,3.9029,39
1781630598,209.92,2,3.9020,39
1781630599,209.93,3,3.9020,39
1781630600,209.94,4,3.9003,39
1781630601,209.98,8,3.9014,39
1781630602,209.94,4,3.9025,39
1781630603,209.93,3,3.9014,39
1781630604,209.93,3,3.8968,39
1781630605,209.96,6,3.8929,39
1781630606,209.97,7,3.8927,39
1781630607,209.96,6,3.8925,39
1781630608,209.94,4,3.8925,39
1781630609,209.91,1,3.8905,39
1781630610,209.9,0,3.8903,39
1781630611,209.95,5,3.8915,39
1781630612,209.95,5,3.8914,39
1781630613,209.98,8,3.8920,39
1781630614,209.97,7,3.8914,39
1781630615,209.96,6,3.8903,39
1781630616,210.01,1,3.8920,39
1781630617,209.96,6,3.8920,39
1781630618,209.95,5,3.8920,39
1781630619,209.97,7,3.8912,39
1781630620,210,0,3.8915,39
1781630621,210.03,3,3.8915,39
1781630622,209.97,7,3.8923,39
1781630623,209.98,8,3.8917,39
1781630624,209.97,7,3.8917,39
1781630625,209.96,6,3.8912,39
1781630626,209.97,7,3.8901,39
1781630627,210.01,1,3.8826,39
1781630628,210.02,2,3.8815,39
1781630629,210.02,2,3.8812,39
1781630630,210.02,2,3.8809,39
1781630631,210.09,9,3.8842,39
1781630632,210.09,9,3.8816,39
1781630633,210.06,6,3.8822,39
1781630634,210.04,4,3.8813,39
1781630635,210.08,8,3.8824,39
1781630636,210.11,1,3.8804,39
1781630637,210.11,1,3.8804,39
1781630638,210.11,1,3.8804,39
1781630639,210.05,5,3.8784,39
1781630640,210,0,3.8784,39
1781630641,210,0,3.8778,39
1781630642,210.1,0,3.8843,39
1781630643,210.1,0,3.8842,39
1781630644,210.07,7,3.8848,39
1781630645,210.13,3,3.8867,39
1781630646,210.14,4,3.8857,39
1781630647,210.23,3,3.8915,39
1781630648,210.26,6,3.8903,39
1781630649,210.23,3,3.8903,39
1781630650,210.28,8,3.8863,39
1781630651,210.23,3,3.8863,39
1781630652,210.24,4,3.8861,39
1781630653,210.23,3,3.8844,39
1781630654,210.17,7,3.8869,39
1781630655,210.2,0,3.8857,39
1781630656,210.22,2,3.8835,39
1781630657,210.22,2,3.8828,39
1781630658,210.25,5,3.8823,39
1781630659,210.24,4,3.8812,39
1781630660,210.19,9,3.8830,39
1781630661,210.27,7,3.8865,39
1781630662,210.24,4,3.8853,39
1781630663,210.27,7,3.8853,39
1781630664,210.29,9,3.8838,39
1781630665,210.25,5,3.8832,39
1781630666,210.19,9,3.8857,39
1781630667,210.19,9,3.8856,39
1781630668,210.18,8,3.8839,39
1781630669,210.2,0,3.8824,39
1781630670,210.25,5,3.8839,39
1781630671,210.22,2,3.8845,39
1781630672,210.27,7,3.8860,39
1781630673,210.24,4,3.8866,39
1781630674,210.29,9,3.8872,39
1781630675,210.25,5,3.8881,39
1781630676,210.28,8,3.8881,39
1781630677,210.21,1,3.8890,39
1781630678,210.13,3,3.8901,39
1781630679,210.13,3,3.8901,39
1781630680,210.08,8,3.8901,39
1781630681,210.12,2,3.8910,39
1781630682,210.13,3,3.8899,39
1781630683,210.14,4,3.8899,39
1781630684,210.13,3,3.8900,39
1781630685,210.16,6,3.8880,39
1781630686,210.17,7,3.8881,39
1781630687,210.13,3,3.8892,39
1781630688,210.17,7,3.8900,39
1781630689,210.19,9,3.8902,39
1781630690,210.09,9,3.8902,39
1781630691,210.12,2,3.8908,39
1781630692,210.09,9,3.8908,39
1781630693,210.12,2,3.8903,39
1781630694,210.09,9,3.8852,39
1781630695,210.12,2,3.8852,39
1781630696,210.14,4,3.8848,39
1781630697,210.14,4,3.8847,39
1781630698,210.15,5,3.8847,39
1781630699,210.1,0,3.8865,39
1781630700,210.09,9,3.8866,39
1781630701,210.17,7,3.8866,39
1781630702,210.19,9,3.8823,39
1781630703,210.11,1,3.8866,39
1781630704,210.06,6,3.8881,39
1781630705,210.01,1,3.8896,39
1781630706,210.05,5,3.8905,39
1781630707,210.04,4,3.8905,39
1781630708,210.06,6,3.8905,39
1781630709,210.11,1,3.8922,39
1781630710,210.13,3,3.8919,39
1781630711,210.11,1,3.8904,39
1781630712,210.08,8,3.8899,39
1781630713,210.14,4,3.8913,39
1781630714,210.15,5,3.8911,39
1781630715,210.16,6,3.8909,39
1781630716,210.17,7,3.8892,39
1781630717,210.17,7,3.8880,39
1781630718,210.25,5,3.8920,39
1781630719,210.21,1,3.8930,39
1781630720,210.24,4,3.8937,39
1781630721,210.2,0,3.8948,39
1781630722,210.24,4,3.8942,39
1781630723,210.15,5,3.8999,39
1781630724,210.09,9,3.9024,39
1781630725,210.09,9,3.9007,39
1781630726,210.09,9,3.9006,39
1781630727,210.1,0,3.9000,39
1781630728,210.09,9,3.8955,39
1781630729,210.1,0,3.8945,39
1781630730,210.1,0,3.8944,39
1781630731,210.12,2,3.8901,39
1781630732,210.11,1,3.8884,39
1781630733,210.16,6,3.8901,39
1781630734,210.14,4,3.8903,39
1781630735,210.14,4,3.8902,39
1781630736,210.07,7,3.8937,39
1781630737,210.06,6,3.8931,39
1781630738,210.1,0,3.8931,39
1781630739,210.08,8,3.8927,39
1781630740,210.03,3,3.8934,39
1781630741,210.01,1,3.8936,39
1781630742,210,0,3.8925,39
1781630743,209.94,4,3.8940,39
1781630744,209.93,3,3.8940,39
1781630745,209.89,9,3.8945,39
1781630746,209.86,6,3.8865,39
1781630747,209.87,7,3.8819,39
1781630748,209.85,5,3.8811,39
1781630749,209.9,0,3.8822,39
1781630750,209.92,2,3.8799,39
1781630751,209.94,4,3.8802,39
1781630752,209.98,8,3.8813,39
1781630753,209.98,8,3.8813,39
1781630754,209.96,6,3.8816,39
1781630755,209.94,4,3.8818,39
1781630756,209.95,5,3.8816,39
1781630757,209.92,2,3.8816,39
1781630758,209.96,6,3.8802,39
1781630759,209.96,6,3.8776,39
1781630760,210,0,3.8769,39
1781630761,210.03,3,3.8775,39
1781630762,210.02,2,3.8775,39
1781630763,210.03,3,3.8773,39
1781630764,210.04,4,3.8748,39
1781630765,209.99,9,3.8765,39
1781630766,209.97,7,3.8765,39
1781630767,209.98,8,3.8763,39
1781630768,209.97,7,3.8718,39
1781630769,209.91,1,3.8726,39
1781630770,209.94,4,3.8726,39
1781630771,209.93,3,3.8720,39
1781630772,209.91,1,3.8720,39
1781630773,209.91,1,3.8713,39
1781630774,209.89,9,3.8690,39
1781630775,209.86,6,3.8697,39
1781630776,209.79,9,3.8732,39
1781630777,209.81,1,3.8728,39
1781630778,209.84,4,3.8723,39
1781630779,209.83,3,3.8718,39
1781630780,209.75,5,3.8761,39
1781630781,209.73,3,3.8761,39
1781630782,209.72,2,3.8750,39
1781630783,209.74,4,3.8735,39
1781630784,209.77,7,3.8741,39
1781630785,209.78,8,3.8735,39
1781630786,209.76,6,3.8731,39
1781630787,209.82,2,3.8746,39
1781630788,209.78,8,3.8754,39
1781630789,209.79,9,3.8752,39
1781630790,209.8,0,3.8753,39
1781630791,209.78,8,3.8749,39
1781630792,209.82,2,3.8726,39
1781630793,209.82,2,3.8719,39
1781630794,209.87,7,3.8731,39
1781630795,209.85,5,3.8715,39
1781630796,209.88,8,3.8721,39
1781630797,209.84,4,3.8726,39
1781630798,209.88,8,3.8735,39
1781630799,209.91,1,3.8741,39
1781630800,209.84,4,3.8758,39
1781630801,209.8,0,3.8723,39
1781630802,209.81,1,3.8706,39
1781630803,209.83,3,3.8663,39
1781630804,209.86,6,3.8652,39
1781630805,209.88,8,3.8643,39
1781630806,209.88,8,3.8642,39
1781630807,209.9,0,3.8645,39
1781630808,209.85,5,3.8657,39
1781630809,209.91,1,3.8682,39
1781630810,209.92,2,3.8682,39
1781630811,209.99,9,3.8692,39
1781630812,210.01,1,3.8695,39
1781630813,209.97,7,3.8680,39
1781630814,209.92,2,3.8698,39
1781630815,209.92,2,3.8652,39
1781630816,209.92,2,3.8626,39
1781630817,209.89,9,3.8630,39
1781630818,209.88,8,3.8630,39
1781630819,209.94,4,3.8655,39
1781630820,209.95,5,3.8649,39
