pair,horizon_w,bucket,n,mean_fwd_pct,t_stat
XAUUSD,1,0-20,780,0.274559659437646,2.799233273212422
XAUUSD,1,20-40,949,0.2896130107329102,3.9112012052276617
XAUUSD,1,40-60,1250,0.2096755894739017,3.409759768190343
XAUUSD,1,60-80,1350,0.06630738902126897,1.0322175608068613
XAUUSD,1,80-100,1057,0.3773591625970345,4.88231359785069
XAUUSD,2,0-20,780,0.5273980530958863,4.077158560952505
XAUUSD,2,20-40,949,0.5435064352779378,5.093667356513462
XAUUSD,2,40-60,1245,0.43495787952979265,4.980256885146282
XAUUSD,2,60-80,1350,0.13495785779462777,1.4575333710977325
XAUUSD,2,80-100,1057,0.7578668902158946,7.19186532469119
XAUUSD,4,0-20,780,1.0677134048670476,6.1743019416130505
XAUUSD,4,20-40,949,0.8052967002608663,5.467613584652887
XAUUSD,4,40-60,1235,0.8951112592937766,7.12552782670154
XAUUSD,4,60-80,1350,0.32469286236376005,2.5116577283045527
XAUUSD,4,80-100,1057,1.6131309975259376,10.980931491749423
XAUUSD,8,0-20,780,1.9148221040190025,7.583532447367739
XAUUSD,8,20-40,949,1.0630195806136502,5.538408422793856
XAUUSD,8,40-60,1215,1.5315557480554223,9.438273282370588
XAUUSD,8,60-80,1350,1.723282210737451,9.595543517416846
XAUUSD,8,80-100,1057,2.7626510389213417,14.081641729261396
XAUUSD,13,0-20,780,2.724324200298246,8.61301073767198
XAUUSD,13,20-40,949,1.7836220865116814,7.451039247865163
XAUUSD,13,40-60,1215,2.024606388548083,10.610293889022982
XAUUSD,13,60-80,1325,3.257539057604239,14.970501854604592
XAUUSD,13,80-100,1057,4.480676244094652,16.717523996492165
EURUSD,1,0-20,437,-0.07673022725021038,-1.120358305999284
EURUSD,1,20-40,509,-0.12488026869042863,-2.690994493526991
EURUSD,1,40-60,541,-0.06284354440543996,-1.3699960872523127
EURUSD,1,60-80,366,-0.004945037160821178,-0.10208107414535206
EURUSD,1,80-100,373,0.06648943918963633,1.296468061348596
EURUSD,2,0-20,432,-0.17073241169405143,-1.8609548677273784
EURUSD,2,20-40,509,-0.3044749037021987,-4.450290563360305
EURUSD,2,40-60,541,-0.14237755953556835,-2.2039343189146385
EURUSD,2,60-80,366,0.02926994143948033,0.46062106329700014
EURUSD,2,80-100,373,0.17327139977776446,2.371360519841101
EURUSD,4,0-20,422,-0.440513472871476,-3.8292520727840467
EURUSD,4,20-40,509,-0.5499160915157366,-5.716630224240712
EURUSD,4,40-60,541,-0.3934048373579937,-4.487272599406467
EURUSD,4,60-80,366,0.16100889290929135,1.8771548460666017
EURUSD,4,80-100,373,0.35513491577981704,3.4919602755317114
EURUSD,8,0-20,412,-1.0664264692814234,-5.911250847717329
EURUSD,8,20-40,499,-0.9218733749342986,-7.309821973266046
EURUSD,8,40-60,541,-0.53290235750738,-4.925850278214761
EURUSD,8,60-80,366,0.013733166268480937,0.13374166301459364
EURUSD,8,80-100,373,0.7298272777255524,4.650882323509745
EURUSD,13,0-20,387,-1.376969265351642,-6.025677106589333
EURUSD,13,20-40,499,-1.4806168114107077,-8.676482888374402
EURUSD,13,40-60,541,-0.9276555944747933,-6.473253979083934
EURUSD,13,60-80,366,0.3990356630248918,2.633196933144045
EURUSD,13,80-100,373,0.7513275503072556,3.623936840044759
GBPUSD,1,0-20,1155,0.07244163288525249,1.4584340493188481
GBPUSD,1,20-40,1705,0.002936053811948541,0.09607158692393424
GBPUSD,1,40-60,1714,0.014713878022392792,0.5653631958621361
GBPUSD,1,60-80,1304,-0.09441147110673911,-3.3898558972930926
GBPUSD,1,80-100,1021,-0.027066892597512455,-0.7934909446623366
GBPUSD,2,0-20,1155,0.0944246879762246,1.3809994287199714
GBPUSD,2,20-40,1705,0.007562771477560187,0.17773054811719532
GBPUSD,2,40-60,1714,-0.0016425484315016065,-0.04573677995301923
GBPUSD,2,60-80,1304,-0.07842600364918369,-2.0355531945004777
GBPUSD,2,80-100,1016,-0.09085044034835238,-1.786887566398627
GBPUSD,4,0-20,1155,-0.0453417590790589,-0.47016941921074207
GBPUSD,4,20-40,1705,0.11320524205538948,2.055979221348182
GBPUSD,4,40-60,1714,0.041072944118424465,0.8006709945455058
GBPUSD,4,60-80,1299,-0.1390643178366285,-2.6988154420086836
GBPUSD,4,80-100,1011,-0.18550305209246667,-2.5724527316432995
GBPUSD,8,0-20,1155,-0.1504530719231221,-1.080762376297424
GBPUSD,8,20-40,1705,0.20559929920223868,2.682791142809177
GBPUSD,8,40-60,1714,0.14094486074570603,2.106097368462585
GBPUSD,8,60-80,1293,-0.31470517090144673,-4.534933640096015
GBPUSD,8,80-100,997,-0.26784025178529147,-2.61460529440115
GBPUSD,13,0-20,1155,-0.2669605876343587,-1.4532809343076882
GBPUSD,13,20-40,1705,0.09286537285175207,0.9508337427359874
GBPUSD,13,40-60,1701,0.08715265177853658,1.0479224084647396
GBPUSD,13,60-80,1281,-0.2506067326058285,-2.7835310294288713
GBPUSD,13,80-100,997,-0.026972782577528397,-0.22783479391056782
AUDUSD,1,0-20,641,-0.0479551482172069,-0.8814057834066887
AUDUSD,1,20-40,508,-0.1871472996477397,-2.8844595997689937
AUDUSD,1,40-60,408,0.11582441177747128,1.688498750626379
AUDUSD,1,60-80,425,0.008107143866054541,0.1381428572076859
AUDUSD,1,80-100,455,-0.21555248955823547,-3.3043295714524086
AUDUSD,2,0-20,641,-0.16148176482887022,-2.158195988170534
AUDUSD,2,20-40,503,-0.2434853730767229,-2.7630159442462143
AUDUSD,2,40-60,408,0.15194039735943915,1.4966473473681634
AUDUSD,2,60-80,425,-0.06389247139616057,-0.7232877411730321
AUDUSD,2,80-100,455,-0.35294609370312247,-4.045130906704136
AUDUSD,4,0-20,636,-0.25007581438919163,-2.656482067456217
AUDUSD,4,20-40,498,-0.6275033508243468,-5.047912774703257
AUDUSD,4,40-60,408,0.2707073246179998,1.8564457789780502
AUDUSD,4,60-80,425,-0.22100377355259754,-1.6906946490649695
AUDUSD,4,80-100,455,-0.5377139832816911,-5.258501901814213
AUDUSD,8,0-20,636,-0.2440271588286678,-1.9974834188549615
AUDUSD,8,20-40,478,-1.1131322922773756,-6.2782241646831345
AUDUSD,8,40-60,408,-0.3226910374735943,-1.6627054793805889
AUDUSD,8,60-80,425,-0.4882390648238014,-2.9469059617864413
AUDUSD,8,80-100,455,-0.7614276735902612,-4.865275195742576
AUDUSD,13,0-20,625,-0.11795885441980027,-0.8760041897501049
AUDUSD,13,20-40,464,-1.4856251056681833,-6.215783113439065
AUDUSD,13,40-60,408,-1.510761903383117,-7.0467888954798505
AUDUSD,13,60-80,425,-1.3377794568049943,-5.939505566046127
AUDUSD,13,80-100,455,-0.5684426985521488,-2.9004483364093288
NZDUSD,1,0-20,591,0.05029481878217355,0.8347720557357314
NZDUSD,1,20-40,530,0.04553771696992475,0.7606188991811577
NZDUSD,1,40-60,711,-0.11915622276893063,-2.125311542506253
NZDUSD,1,60-80,328,-0.03614991355175679,-0.4257066059057872
NZDUSD,1,80-100,277,-0.05732359880915523,-0.582974822155286
NZDUSD,2,0-20,591,0.08969009848799203,1.0725337201753924
NZDUSD,2,20-40,526,0.32032803412057675,3.7422920864072453
NZDUSD,2,40-60,710,-0.428697455262597,-5.631068116220051
NZDUSD,2,60-80,328,0.0009002961876798225,0.007387401675162679
NZDUSD,2,80-100,277,-0.13984914763495243,-1.0617694081953002
NZDUSD,4,0-20,591,0.23108155043682432,2.0003607599522297
NZDUSD,4,20-40,526,0.6109073709697581,4.768378580369591
NZDUSD,4,40-60,700,-0.9346718085883771,-9.302282408317616
NZDUSD,4,60-80,328,0.12226287825411299,0.7477680568203499
NZDUSD,4,80-100,277,-0.2942985770082814,-1.6834378487313777
NZDUSD,8,0-20,591,0.42911362609250175,2.7556600441588803
NZDUSD,8,20-40,526,0.4971881174905008,2.7438915936257997
NZDUSD,8,40-60,680,-0.889361015023781,-6.519830327938372
NZDUSD,8,60-80,328,-0.10066688015962288,-0.5257977388521696
NZDUSD,8,80-100,277,-1.319946676321082,-6.607320193798565
NZDUSD,13,0-20,583,0.4670638598946137,2.3349056405485245
NZDUSD,13,20-40,521,0.28716064363812643,1.2787064564139135
NZDUSD,13,40-60,668,-0.09711395163291137,-0.5651603769721533
NZDUSD,13,60-80,328,-0.6260217678349778,-2.4373402525706935
NZDUSD,13,80-100,277,-3.1153689719051565,-13.973209697270159
USDJPY,1,0-20,459,0.012008247867424892,0.232257787975511
USDJPY,1,20-40,534,0.07395068939791369,1.2681956040831177
USDJPY,1,40-60,483,0.005462965204254058,0.11458156544155572
USDJPY,1,60-80,652,0.10083435866618358,2.0890114862596096
USDJPY,1,80-100,309,0.11716609838093259,1.3131702316232332
USDJPY,2,0-20,459,-0.02350948695974376,-0.32726048371560285
USDJPY,2,20-40,534,0.221972523743494,2.739528042651516
USDJPY,2,40-60,478,-0.03392304930813203,-0.512110296456808
USDJPY,2,60-80,652,0.2055680660819839,2.9599100611528146
USDJPY,2,80-100,309,0.3045116267086075,2.4241258909632175
USDJPY,4,0-20,459,0.04164337267589002,0.4194764111984268
USDJPY,4,20-40,534,0.4110992410583633,3.7907066620372767
USDJPY,4,40-60,468,-0.11163114006191431,-1.1717872120771422
USDJPY,4,60-80,652,0.1923589880982202,1.8753748805912227
USDJPY,4,80-100,309,1.1275033779617438,6.92971132652625
USDJPY,8,0-20,459,0.27632506013856295,1.8897937958440714
USDJPY,8,20-40,518,1.002691205429074,5.340245508360894
USDJPY,8,40-60,464,-0.1559977852550075,-1.0668643202917298
USDJPY,8,60-80,652,0.029986663045659376,0.24013594437655758
USDJPY,8,80-100,309,2.2902277645233453,10.358825072598313
USDJPY,13,0-20,459,0.8033300282095144,3.4721868953023804
USDJPY,13,20-40,506,2.030646737859097,7.2683600407639135
USDJPY,13,40-60,451,0.09207927366293434,0.41930871960722754
USDJPY,13,60-80,652,-0.2186467655428302,-1.4007146561136046
USDJPY,13,80-100,309,2.6340779625632105,13.512788941717302
USDCAD,1,0-20,459,0.016322655277383663,0.3492769783695419
USDCAD,1,20-40,534,0.005079731407128755,0.11155596989169488
USDCAD,1,40-60,483,0.07000528005384082,1.5434478696408662
USDCAD,1,60-80,652,0.1543671464049586,4.031190797937153
USDCAD,1,80-100,309,0.012020843810315186,0.17875619863343506
USDCAD,2,0-20,459,0.07440354796480364,1.0825693688021008
USDCAD,2,20-40,534,0.016183308334379434,0.2892650775773162
USDCAD,2,40-60,478,0.09741091850457699,1.3954259330121106
USDCAD,2,60-80,652,0.31597320534718754,6.071688594867518
USDCAD,2,80-100,309,0.004486296787441282,0.04788151300540604
USDCAD,4,0-20,459,0.18084485730227312,1.9459608441897982
USDCAD,4,20-40,534,0.1491440095313687,1.7640154350902182
USDCAD,4,40-60,468,0.05130825476630634,0.5790369386014358
USDCAD,4,60-80,652,0.5887016709677448,8.106171229871755
USDCAD,4,80-100,309,0.04597413514786059,0.3415133252860781
USDCAD,8,0-20,459,0.27554138764097735,2.440757368430892
USDCAD,8,20-40,518,0.4631542327642564,4.448099898685317
USDCAD,8,40-60,464,-0.1328001652331858,-0.8917247108436701
USDCAD,8,60-80,652,1.3237327860017352,11.668647638839301
USDCAD,8,80-100,309,-0.04871736966647872,-0.3006461573453236
USDCAD,13,0-20,459,0.6498775047037926,6.4733029561790225
USDCAD,13,20-40,506,0.7854167231228386,5.361883937747389
USDCAD,13,40-60,451,-0.20854909694009438,-1.01581483841519
USDCAD,13,60-80,652,1.490329665877801,10.493938752927066
USDCAD,13,80-100,309,0.987584176378369,4.126654649607047
EURJPY,1,0-20,437,0.10283431115965622,1.3947852943077341
EURJPY,1,20-40,509,-0.11926741988239721,-2.295943873501198
EURJPY,1,40-60,576,-0.024029601696135206,-0.3629330141681243
EURJPY,1,60-80,441,0.09577307271913668,1.4086852427447059
EURJPY,1,80-100,474,0.07182192892961203,1.2134294054438532
EURJPY,2,0-20,432,0.17576717005281306,1.6912334565590974
EURJPY,2,20-40,509,-0.23251810859876254,-2.799175891849498
EURJPY,2,40-60,576,-0.04308707298334828,-0.4728848031185515
EURJPY,2,60-80,441,0.16859201679621522,1.7748498366974026
EURJPY,2,80-100,474,0.19241269224278346,2.303381546962604
EURJPY,4,0-20,422,0.08839677246357584,0.5756782817767834
EURJPY,4,20-40,509,-0.22014613093781885,-1.6831181210315491
EURJPY,4,40-60,576,-0.01566089460275131,-0.13704093010066104
EURJPY,4,60-80,441,0.06720554896599477,0.4838224793620984
EURJPY,4,80-100,474,0.540866696851491,4.873794723961948
EURJPY,8,0-20,412,-0.20227483078839656,-0.8651557311303493
EURJPY,8,20-40,499,-0.31226756308879944,-1.705826342487747
EURJPY,8,40-60,576,0.5714794677244102,2.999013825762434
EURJPY,8,60-80,441,-0.19167966741279238,-1.1031998134537675
EURJPY,8,80-100,474,0.9471085012755613,6.357641512153775
EURJPY,13,0-20,387,-0.2731201962549262,-0.9567287717686682
EURJPY,13,20-40,499,-0.5926125311498731,-2.666435171229145
EURJPY,13,40-60,576,1.0779382633114103,3.8167550992522883
EURJPY,13,60-80,441,0.5040923168653862,2.1012564344611917
EURJPY,13,80-100,474,0.8397802776567096,4.731056622047075
EURGBP,1,0-20,437,-0.023480426223161245,-0.40995209089161166
EURGBP,1,20-40,509,-0.1118273041316157,-2.4012282209665274
EURGBP,1,40-60,576,0.08686225916560349,1.5353697373177735
EURGBP,1,60-80,441,0.07140413876933822,1.5029570575421123
EURGBP,1,80-100,474,-0.003060990938835741,-0.07020034206315674
EURGBP,2,0-20,432,-0.09833330841435692,-1.3339714014236235
EURGBP,2,20-40,509,-0.23333373417128034,-3.422265723302454
EURGBP,2,40-60,576,0.22803427425332856,3.0725129434824168
EURGBP,2,60-80,441,0.0796148898387626,1.2086266613589656
EURGBP,2,80-100,474,-0.0034660295857623447,-0.058543319355678705
EURGBP,4,0-20,422,-0.21034150829871448,-2.371468259945276
EURGBP,4,20-40,509,-0.43853918032173606,-4.576867162808333
EURGBP,4,40-60,576,0.22889276243348083,2.536902369495856
EURGBP,4,60-80,441,0.3110241308248294,3.106080074528878
EURGBP,4,80-100,474,0.048200426168352954,0.5829822695353118
EURGBP,8,0-20,412,-0.5039502960820491,-3.4774991983270955
EURGBP,8,20-40,499,-0.6711058935938218,-4.603261029250423
EURGBP,8,40-60,576,0.555483724888389,4.549343400658352
EURGBP,8,60-80,441,0.23127500152245845,1.6995408973462236
EURGBP,8,80-100,474,0.2908017760593466,2.855720213855395
EURGBP,13,0-20,387,-1.0630634604364806,-5.248246277781687
EURGBP,13,20-40,499,-0.8651507282044519,-4.678385712775828
EURGBP,13,40-60,576,1.2602144581351564,9.21294258885825
EURGBP,13,60-80,441,0.2062347135044038,1.2540007504819495
EURGBP,13,80-100,474,0.19892622678787808,1.670265428402724
