i,symbol,contract,barrier,entry_time,entry_spot,entry_digit,exit_time,exit_spot,exit_digit,is_win,profit
0,1HZ100V,DIGITEVEN,,1780822772,717.35,5,1780822772,717.35,5,0,-0.5
1,1HZ100V,DIGITEVEN,,1780822773,717.05,5,1780822773,717.05,5,0,-0.5
2,1HZ100V,DIGITEVEN,,1780822774,716.86,6,1780822774,716.86,6,1,0.4765
3,1HZ100V,DIGITEVEN,,1780822775,716.88,8,1780822775,716.88,8,1,0.4765
4,1HZ100V,DIGITEVEN,,1780822776,717.03,3,1780822776,717.03,3,0,-0.5
5,1HZ100V,DIGITEVEN,,1780822777,717.08,8,1780822777,717.08,8,1,0.4765
6,1HZ100V,DIGITEVEN,,1780822778,717.03,3,1780822778,717.03,3,0,-0.5
7,1HZ100V,DIGITEVEN,,1780822779,717.12,2,1780822779,717.12,2,1,0.4765
8,1HZ100V,DIGITEVEN,,1780822780,717.03,3,1780822780,717.03,3,0,-0.5
9,1HZ100V,DIGITEVEN,,1780822781,717.16,6,1780822781,717.16,6,1,0.4765
10,1HZ100V,DIGITEVEN,,1780822782,717.07,7,1780822782,717.07,7,0,-0.5
11,1HZ100V,DIGITEVEN,,1780822783,716.94,4,1780822783,716.94,4,1,0.4765
12,1HZ100V,DIGITEVEN,,1780822784,716.84,4,1780822784,716.84,4,1,0.4765
13,1HZ100V,DIGITEVEN,,1780822785,716.77,7,1780822785,716.77,7,0,-0.5
14,1HZ100V,DIGITEVEN,,1780822786,716.51,1,1780822786,716.51,1,0,-0.5
15,1HZ100V,DIGITEVEN,,1780822787,716.57,7,1780822787,716.57,7,0,-0.5
16,1HZ100V,DIGITEVEN,,1780822788,716.6,0,1780822788,716.6,0,1,0.4765
17,1HZ100V,DIGITEVEN,,1780822789,716.8,0,1780822789,716.8,0,1,0.4765
18,1HZ100V,DIGITEVEN,,1780822790,716.62,2,1780822790,716.62,2,1,0.4765
19,1HZ100V,DIGITEVEN,,1780822791,716.88,8,1780822791,716.88,8,1,0.4765
20,1HZ100V,DIGITEVEN,,1780822792,716.96,6,1780822792,716.96,6,1,0.4765
21,1HZ100V,DIGITEVEN,,1780822793,716.84,4,1780822793,716.84,4,1,0.4765
22,1HZ100V,DIGITEVEN,,1780822794,716.84,4,1780822794,716.84,4,1,0.4765
23,1HZ100V,DIGITEVEN,,1780822795,716.7,0,1780822795,716.7,0,1,0.4765
24,1HZ100V,DIGITEVEN,,1780822796,716.46,6,1780822796,716.46,6,1,0.4765
25,1HZ100V,DIGITEVEN,,1780822797,716.6,0,1780822797,716.6,0,1,0.4765
26,1HZ100V,DIGITEVEN,,1780822798,716.71,1,1780822798,716.71,1,0,-0.5
27,1HZ100V,DIGITEVEN,,1780822799,716.9,0,1780822799,716.9,0,1,0.4765
28,1HZ100V,DIGITEVEN,,1780822800,717.16,6,1780822800,717.16,6,1,0.4765
29,1HZ100V,DIGITEVEN,,1780822801,717.19,9,1780822801,717.19,9,0,-0.5
30,1HZ100V,DIGITEVEN,,1780822802,717.28,8,1780822802,717.28,8,1,0.4765
31,1HZ100V,DIGITEVEN,,1780822804,717.57,7,1780822804,717.57,7,0,-0.5
32,1HZ100V,DIGITEVEN,,1780822805,717.7,0,1780822805,717.7,0,1,0.4765
33,1HZ100V,DIGITEVEN,,1780822806,717.64,4,1780822806,717.64,4,1,0.4765
34,1HZ100V,DIGITEVEN,,1780822807,717.39,9,1780822807,717.39,9,0,-0.5
35,1HZ100V,DIGITEVEN,,1780822808,717.32,2,1780822808,717.32,2,1,0.4765
36,1HZ100V,DIGITEVEN,,1780822809,717.53,3,1780822809,717.53,3,0,-0.5
37,1HZ100V,DIGITEVEN,,1780822810,717.41,1,1780822810,717.41,1,0,-0.5
38,1HZ100V,DIGITEVEN,,1780822811,717.31,1,1780822811,717.31,1,0,-0.5
39,1HZ100V,DIGITEVEN,,1780822812,717.33,3,1780822812,717.33,3,0,-0.5
40,1HZ100V,DIGITEVEN,,1780822813,717.36,6,1780822813,717.36,6,1,0.4765
41,1HZ100V,DIGITEVEN,,1780822814,717.4,0,1780822814,717.4,0,1,0.4765
42,1HZ100V,DIGITEVEN,,1780822815,717.36,6,1780822815,717.36,6,1,0.4765
43,1HZ100V,DIGITEVEN,,1780822816,717.43,3,1780822816,717.43,3,0,-0.5
44,1HZ100V,DIGITEVEN,,1780822817,717.5,0,1780822817,717.5,0,1,0.4765
45,1HZ100V,DIGITEVEN,,1780822818,717.51,1,1780822818,717.51,1,0,-0.5
46,1HZ100V,DIGITEVEN,,1780822819,717.49,9,1780822819,717.49,9,0,-0.5
47,1HZ100V,DIGITEVEN,,1780822820,717.5,0,1780822820,717.5,0,1,0.4765
48,1HZ100V,DIGITEVEN,,1780822821,717.5,0,1780822821,717.5,0,1,0.4765
49,1HZ100V,DIGITEVEN,,1780822822,717.4,0,1780822822,717.4,0,1,0.4765
50,1HZ100V,DIGITEVEN,,1780822845,717.78,8,1780822845,717.78,8,1,0.4765
51,1HZ100V,DIGITEVEN,,1780822846,717.66,6,1780822846,717.66,6,1,0.4765
52,1HZ100V,DIGITEVEN,,1780822847,717.62,2,1780822847,717.62,2,1,0.4765
53,1HZ100V,DIGITEVEN,,1780822848,717.63,3,1780822848,717.63,3,0,-0.5
54,1HZ100V,DIGITEVEN,,1780822849,717.48,8,1780822849,717.48,8,1,0.4765
55,1HZ100V,DIGITEVEN,,1780822850,717.33,3,1780822850,717.33,3,0,-0.5
56,1HZ100V,DIGITEVEN,,1780822851,717.33,3,1780822851,717.33,3,0,-0.5
57,1HZ100V,DIGITEVEN,,1780822852,717.35,5,1780822852,717.35,5,0,-0.5
58,1HZ100V,DIGITEVEN,,1780822853,717.49,9,1780822853,717.49,9,0,-0.5
59,1HZ100V,DIGITEVEN,,1780822854,717.42,2,1780822854,717.42,2,1,0.4765
60,1HZ100V,DIGITEVEN,,1780822855,717.44,4,1780822855,717.44,4,1,0.4765
61,1HZ100V,DIGITEVEN,,1780822856,717.47,7,1780822856,717.47,7,0,-0.5
62,1HZ100V,DIGITEVEN,,1780822857,717.28,8,1780822857,717.28,8,1,0.4765
63,1HZ100V,DIGITEVEN,,1780822858,717.25,5,1780822858,717.25,5,0,-0.5
64,1HZ100V,DIGITEVEN,,1780822859,717.26,6,1780822859,717.26,6,1,0.4765
65,1HZ100V,DIGITEVEN,,1780822860,717.17,7,1780822860,717.17,7,0,-0.5
66,1HZ100V,DIGITEVEN,,1780822861,717.16,6,1780822861,717.16,6,1,0.4765
67,1HZ100V,DIGITEVEN,,1780822862,717.29,9,1780822862,717.29,9,0,-0.5
68,1HZ100V,DIGITEVEN,,1780822863,717.46,6,1780822863,717.46,6,1,0.4765
69,1HZ100V,DIGITEVEN,,1780822864,717.51,1,1780822864,717.51,1,0,-0.5
70,1HZ100V,DIGITEVEN,,1780822865,717.38,8,1780822865,717.38,8,1,0.4765
71,1HZ100V,DIGITEVEN,,1780822866,717.51,1,1780822866,717.51,1,0,-0.5
72,1HZ100V,DIGITEVEN,,1780822867,717.54,4,1780822867,717.54,4,1,0.4765
73,1HZ100V,DIGITEVEN,,1780822868,717.63,3,1780822868,717.63,3,0,-0.5
74,1HZ100V,DIGITEVEN,,1780822869,717.68,8,1780822869,717.68,8,1,0.4765
75,1HZ100V,DIGITEVEN,,1780822870,717.73,3,1780822870,717.73,3,0,-0.5
76,1HZ100V,DIGITEVEN,,1780822871,717.79,9,1780822871,717.79,9,0,-0.5
77,1HZ100V,DIGITEVEN,,1780822872,717.68,8,1780822872,717.68,8,1,0.4765
78,1HZ100V,DIGITEVEN,,1780822873,717.74,4,1780822873,717.74,4,1,0.4765
79,1HZ100V,DIGITEVEN,,1780822874,717.65,5,1780822874,717.65,5,0,-0.5
80,1HZ100V,DIGITEVEN,,1780822875,717.83,3,1780822875,717.83,3,0,-0.5
81,1HZ100V,DIGITEVEN,,1780822876,717.76,6,1780822876,717.76,6,1,0.4765
82,1HZ100V,DIGITEVEN,,1780822877,717.62,2,1780822877,717.62,2,1,0.4765
83,1HZ100V,DIGITEVEN,,1780822878,717.62,2,1780822878,717.62,2,1,0.4765
84,1HZ100V,DIGITEVEN,,1780822879,717.58,8,1780822879,717.58,8,1,0.4765
85,1HZ100V,DIGITEVEN,,1780822880,717.55,5,1780822880,717.55,5,0,-0.5
86,1HZ100V,DIGITEVEN,,1780822881,717.64,4,1780822881,717.64,4,1,0.4765
87,1HZ100V,DIGITEVEN,,1780822882,717.78,8,1780822882,717.78,8,1,0.4765
88,1HZ100V,DIGITEVEN,,1780822883,717.89,9,1780822883,717.89,9,0,-0.5
89,1HZ100V,DIGITEVEN,,1780822884,718.06,6,1780822884,718.06,6,1,0.4765
90,1HZ100V,DIGITEVEN,,1780822885,717.89,9,1780822885,717.89,9,0,-0.5
91,1HZ100V,DIGITEVEN,,1780822886,717.82,2,1780822886,717.82,2,1,0.4765
92,1HZ100V,DIGITEVEN,,1780822887,717.62,2,1780822887,717.62,2,1,0.4765
93,1HZ100V,DIGITEVEN,,1780822889,717.59,9,1780822889,717.59,9,0,-0.5
94,1HZ100V,DIGITEVEN,,1780822890,717.69,9,1780822890,717.69,9,0,-0.5
95,1HZ100V,DIGITEVEN,,1780822891,717.7,0,1780822891,717.7,0,1,0.4765
96,1HZ100V,DIGITEVEN,,1780822892,717.67,7,1780822892,717.67,7,0,-0.5
97,1HZ100V,DIGITEVEN,,1780822893,717.69,9,1780822893,717.69,9,0,-0.5
98,1HZ100V,DIGITEVEN,,1780822894,717.87,7,1780822894,717.87,7,0,-0.5
99,1HZ100V,DIGITEVEN,,1780822895,717.81,1,1780822895,717.81,1,0,-0.5
100,1HZ100V,DIGITEVEN,,1780822896,717.75,5,1780822896,717.75,5,0,-0.5
101,1HZ100V,DIGITEVEN,,1780822897,717.58,8,1780822897,717.58,8,1,0.4765
102,1HZ100V,DIGITEVEN,,1780822898,717.46,6,1780822898,717.46,6,1,0.4765
103,1HZ100V,DIGITEVEN,,1780822899,717.52,2,1780822899,717.52,2,1,0.4765
104,1HZ100V,DIGITEVEN,,1780822900,717.45,5,1780822900,717.45,5,0,-0.5
105,1HZ100V,DIGITEVEN,,1780822901,717.25,5,1780822901,717.25,5,0,-0.5
106,1HZ100V,DIGITEVEN,,1780822902,717.2,0,1780822902,717.2,0,1,0.4765
107,1HZ100V,DIGITEVEN,,1780822903,717.4,0,1780822903,717.4,0,1,0.4765
108,1HZ100V,DIGITEVEN,,1780822904,717.36,6,1780822904,717.36,6,1,0.4765
109,1HZ100V,DIGITEVEN,,1780822905,717.3,0,1780822905,717.3,0,1,0.4765
110,1HZ100V,DIGITEVEN,,1780822906,717.44,4,1780822906,717.44,4,1,0.4765
111,1HZ100V,DIGITEVEN,,1780822907,717.43,3,1780822907,717.43,3,0,-0.5
112,1HZ100V,DIGITEVEN,,1780822908,717.35,5,1780822908,717.35,5,0,-0.5
113,1HZ100V,DIGITEVEN,,1780822909,717.17,7,1780822909,717.17,7,0,-0.5
114,1HZ100V,DIGITEVEN,,1780822910,717.44,4,1780822910,717.44,4,1,0.4765
115,1HZ100V,DIGITEVEN,,1780822911,717.24,4,1780822911,717.24,4,1,0.4765
116,1HZ100V,DIGITEVEN,,1780822912,717.36,6,1780822912,717.36,6,1,0.4765
117,1HZ100V,DIGITEVEN,,1780822913,717.39,9,1780822913,717.39,9,0,-0.5
118,1HZ100V,DIGITEVEN,,1780822914,717.25,5,1780822914,717.25,5,0,-0.5
119,1HZ100V,DIGITEVEN,,1780822915,717.38,8,1780822915,717.38,8,1,0.4765
120,1HZ100V,DIGITEVEN,,1780822916,717.63,3,1780822916,717.63,3,0,-0.5
121,1HZ100V,DIGITEVEN,,1780822917,717.76,6,1780822917,717.76,6,1,0.4765
122,1HZ100V,DIGITEVEN,,1780822918,717.83,3,1780822918,717.83,3,0,-0.5
123,1HZ100V,DIGITEVEN,,1780822919,717.83,3,1780822919,717.83,3,0,-0.5
124,1HZ100V,DIGITEVEN,,1780822920,717.94,4,1780822920,717.94,4,1,0.4765
125,1HZ100V,DIGITEVEN,,1780822921,717.91,1,1780822921,717.91,1,0,-0.5
126,1HZ100V,DIGITEVEN,,1780822922,717.97,7,1780822922,717.97,7,0,-0.5
127,1HZ100V,DIGITEVEN,,1780822923,718.07,7,1780822923,718.07,7,0,-0.5
128,1HZ100V,DIGITEVEN,,1780822924,717.9,0,1780822924,717.9,0,1,0.4765
129,1HZ100V,DIGITEVEN,,1780822925,717.82,2,1780822925,717.82,2,1,0.4765
130,1HZ100V,DIGITEVEN,,1780822926,717.91,1,1780822926,717.91,1,0,-0.5
131,1HZ100V,DIGITEVEN,,1780822927,718.06,6,1780822927,718.06,6,1,0.4765
132,1HZ100V,DIGITEVEN,,1780822928,717.75,5,1780822928,717.75,5,0,-0.5
133,1HZ100V,DIGITEVEN,,1780822929,717.73,3,1780822929,717.73,3,0,-0.5
134,1HZ100V,DIGITEVEN,,1780822930,717.7,0,1780822930,717.7,0,1,0.4765
135,1HZ100V,DIGITEVEN,,1780822931,717.75,5,1780822931,717.75,5,0,-0.5
136,1HZ100V,DIGITEVEN,,1780822932,717.59,9,1780822932,717.59,9,0,-0.5
137,1HZ100V,DIGITEVEN,,1780822933,717.7,0,1780822933,717.7,0,1,0.4765
138,1HZ100V,DIGITEVEN,,1780822934,717.79,9,1780822934,717.79,9,0,-0.5
139,1HZ100V,DIGITEVEN,,1780822935,717.91,1,1780822935,717.91,1,0,-0.5
140,1HZ100V,DIGITEVEN,,1780822936,717.93,3,1780822936,717.93,3,0,-0.5
141,1HZ100V,DIGITEVEN,,1780822937,717.81,1,1780822937,717.81,1,0,-0.5
142,1HZ100V,DIGITEVEN,,1780822938,717.71,1,1780822938,717.71,1,0,-0.5
143,1HZ100V,DIGITEVEN,,1780822939,717.49,9,1780822939,717.49,9,0,-0.5
144,1HZ100V,DIGITEVEN,,1780822940,717.51,1,1780822940,717.51,1,0,-0.5
145,1HZ100V,DIGITEVEN,,1780822941,717.46,6,1780822941,717.46,6,1,0.4765
146,1HZ100V,DIGITEVEN,,1780822943,717.7,0,1780822943,717.7,0,1,0.4765
147,1HZ100V,DIGITEVEN,,1780822944,717.7,0,1780822944,717.7,0,1,0.4765
148,1HZ100V,DIGITEVEN,,1780822945,717.47,7,1780822945,717.47,7,0,-0.5
149,1HZ100V,DIGITEVEN,,1780822946,717.42,2,1780822946,717.42,2,1,0.4765
150,1HZ100V,DIGITEVEN,,1780822947,717.51,1,1780822947,717.51,1,0,-0.5
151,1HZ100V,DIGITEVEN,,1780822948,717.44,4,1780822948,717.44,4,1,0.4765
152,1HZ100V,DIGITEVEN,,1780822949,717.6,0,1780822949,717.6,0,1,0.4765
153,1HZ100V,DIGITEVEN,,1780822950,717.84,4,1780822950,717.84,4,1,0.4765
154,1HZ100V,DIGITEVEN,,1780822951,717.85,5,1780822951,717.85,5,0,-0.5
155,1HZ100V,DIGITEVEN,,1780822952,717.87,7,1780822952,717.87,7,0,-0.5
156,1HZ100V,DIGITEVEN,,1780822953,717.87,7,1780822953,717.87,7,0,-0.5
157,1HZ100V,DIGITEVEN,,1780822954,717.92,2,1780822954,717.92,2,1,0.4765
158,1HZ100V,DIGITEVEN,,1780822955,718,0,1780822955,718,0,1,0.4765
159,1HZ100V,DIGITEVEN,,1780822956,718.13,3,1780822956,718.13,3,0,-0.5
160,1HZ100V,DIGITEVEN,,1780822957,718.08,8,1780822957,718.08,8,1,0.4765
161,1HZ100V,DIGITEVEN,,1780822958,718.19,9,1780822958,718.19,9,0,-0.5
162,1HZ100V,DIGITEVEN,,1780822959,718.21,1,1780822959,718.21,1,0,-0.5
163,1HZ100V,DIGITEVEN,,1780822960,718.27,7,1780822960,718.27,7,0,-0.5
164,1HZ100V,DIGITEVEN,,1780822961,718.3,0,1780822961,718.3,0,1,0.4765
165,1HZ100V,DIGITEVEN,,1780822962,718.07,7,1780822962,718.07,7,0,-0.5
166,1HZ100V,DIGITEVEN,,1780822963,717.94,4,1780822963,717.94,4,1,0.4765
167,1HZ100V,DIGITEVEN,,1780822964,717.91,1,1780822964,717.91,1,0,-0.5
168,1HZ100V,DIGITEVEN,,1780822965,717.9,0,1780822965,717.9,0,1,0.4765
169,1HZ100V,DIGITEVEN,,1780822966,717.75,5,1780822966,717.75,5,0,-0.5
170,1HZ100V,DIGITEVEN,,1780822967,718.05,5,1780822967,718.05,5,0,-0.5
171,1HZ100V,DIGITEVEN,,1780822968,717.72,2,1780822968,717.72,2,1,0.4765
172,1HZ100V,DIGITEVEN,,1780822969,717.91,1,1780822969,717.91,1,0,-0.5
173,1HZ100V,DIGITEVEN,,1780822970,717.87,7,1780822970,717.87,7,0,-0.5
174,1HZ100V,DIGITEVEN,,1780822971,718.07,7,1780822971,718.07,7,0,-0.5
175,1HZ100V,DIGITEVEN,,1780822972,718.17,7,1780822972,718.17,7,0,-0.5
176,1HZ100V,DIGITEVEN,,1780822973,718.17,7,1780822973,718.17,7,0,-0.5
177,1HZ100V,DIGITEVEN,,1780822974,718.13,3,1780822974,718.13,3,0,-0.5
178,1HZ100V,DIGITEVEN,,1780822975,717.99,9,1780822975,717.99,9,0,-0.5
179,1HZ100V,DIGITEVEN,,1780822976,718,0,1780822976,718,0,1,0.4765
180,1HZ100V,DIGITEVEN,,1780822977,718,0,1780822977,718,0,1,0.4765
181,1HZ100V,DIGITEVEN,,1780822978,717.93,3,1780822978,717.93,3,0,-0.5
182,1HZ100V,DIGITEVEN,,1780822979,717.97,7,1780822979,717.97,7,0,-0.5
183,1HZ100V,DIGITEVEN,,1780822980,718.07,7,1780822980,718.07,7,0,-0.5
184,1HZ100V,DIGITEVEN,,1780822981,718.07,7,1780822981,718.07,7,0,-0.5
185,1HZ100V,DIGITEVEN,,1780822982,718.12,2,1780822982,718.12,2,1,0.4765
186,1HZ100V,DIGITEVEN,,1780822983,718.03,3,1780822983,718.03,3,0,-0.5
187,1HZ100V,DIGITEVEN,,1780822984,717.88,8,1780822984,717.88,8,1,0.4765
188,1HZ100V,DIGITEVEN,,1780822985,717.81,1,1780822985,717.81,1,0,-0.5
189,1HZ100V,DIGITEVEN,,1780822987,717.84,4,1780822987,717.84,4,1,0.4765
190,1HZ100V,DIGITEVEN,,1780822988,717.98,8,1780822988,717.98,8,1,0.4765
191,1HZ100V,DIGITEVEN,,1780822989,717.97,7,1780822989,717.97,7,0,-0.5
192,1HZ100V,DIGITEVEN,,1780822990,718.04,4,1780822990,718.04,4,1,0.4765
193,1HZ100V,DIGITEVEN,,1780822991,718.03,3,1780822991,718.03,3,0,-0.5
194,1HZ100V,DIGITEVEN,,1780822992,718.1,0,1780822992,718.1,0,1,0.4765
195,1HZ100V,DIGITEVEN,,1780822993,718.12,2,1780822993,718.12,2,1,0.4765
196,1HZ100V,DIGITEVEN,,1780822994,718.16,6,1780822994,718.16,6,1,0.4765
197,1HZ100V,DIGITEVEN,,1780822995,717.71,1,1780822995,717.71,1,0,-0.5
198,1HZ100V,DIGITEVEN,,1780822996,717.67,7,1780822996,717.67,7,0,-0.5
199,1HZ100V,DIGITEVEN,,1780822997,717.7,0,1780822997,717.7,0,1,0.4765
200,1HZ100V,DIGITEVEN,,1780822998,717.94,4,1780822998,717.94,4,1,0.4765
201,1HZ100V,DIGITEVEN,,1780822999,718.06,6,1780822999,718.06,6,1,0.4765
202,1HZ100V,DIGITEVEN,,1780823000,717.89,9,1780823000,717.89,9,0,-0.5
203,1HZ100V,DIGITEVEN,,1780823001,718.06,6,1780823001,718.06,6,1,0.4765
204,1HZ100V,DIGITEVEN,,1780823002,718.01,1,1780823002,718.01,1,0,-0.5
205,1HZ100V,DIGITEVEN,,1780823003,718,0,1780823003,718,0,1,0.4765
206,1HZ100V,DIGITEVEN,,1780823004,717.71,1,1780823004,717.71,1,0,-0.5
207,1HZ100V,DIGITEVEN,,1780823005,717.62,2,1780823005,717.62,2,1,0.4765
208,1HZ100V,DIGITEVEN,,1780823006,717.56,6,1780823006,717.56,6,1,0.4765
209,1HZ100V,DIGITEVEN,,1780823007,717.55,5,1780823007,717.55,5,0,-0.5
210,1HZ100V,DIGITEVEN,,1780823008,717.54,4,1780823008,717.54,4,1,0.4765
211,1HZ100V,DIGITEVEN,,1780823009,717.8,0,1780823009,717.8,0,1,0.4765
212,1HZ100V,DIGITEVEN,,1780823010,717.93,3,1780823010,717.93,3,0,-0.5
213,1HZ100V,DIGITEVEN,,1780823011,717.72,2,1780823011,717.72,2,1,0.4765
214,1HZ100V,DIGITEVEN,,1780823012,717.63,3,1780823012,717.63,3,0,-0.5
215,1HZ100V,DIGITEVEN,,1780823013,717.56,6,1780823013,717.56,6,1,0.4765
216,1HZ100V,DIGITEVEN,,1780823014,717.62,2,1780823014,717.62,2,1,0.4765
217,1HZ100V,DIGITEVEN,,1780823015,717.56,6,1780823015,717.56,6,1,0.4765
218,1HZ100V,DIGITEVEN,,1780823016,717.77,7,1780823016,717.77,7,0,-0.5
219,1HZ100V,DIGITEVEN,,1780823017,717.97,7,1780823017,717.97,7,0,-0.5
220,1HZ100V,DIGITEVEN,,1780823018,718.11,1,1780823018,718.11,1,0,-0.5
221,1HZ100V,DIGITEVEN,,1780823019,718.01,1,1780823019,718.01,1,0,-0.5
222,1HZ100V,DIGITEVEN,,1780823020,718.06,6,1780823020,718.06,6,1,0.4765
223,1HZ100V,DIGITEVEN,,1780823021,717.98,8,1780823021,717.98,8,1,0.4765
224,1HZ100V,DIGITEVEN,,1780823022,718,0,1780823022,718,0,1,0.4765
225,1HZ100V,DIGITEVEN,,1780823023,717.87,7,1780823023,717.87,7,0,-0.5
226,1HZ100V,DIGITEVEN,,1780823024,717.73,3,1780823024,717.73,3,0,-0.5
227,1HZ100V,DIGITEVEN,,1780823025,717.65,5,1780823025,717.65,5,0,-0.5
228,1HZ100V,DIGITEVEN,,1780823026,717.36,6,1780823026,717.36,6,1,0.4765
229,1HZ100V,DIGITEVEN,,1780823027,717.23,3,1780823027,717.23,3,0,-0.5
230,1HZ100V,DIGITEVEN,,1780823028,717.39,9,1780823028,717.39,9,0,-0.5
231,1HZ100V,DIGITEVEN,,1780823029,717.59,9,1780823029,717.59,9,0,-0.5
232,1HZ100V,DIGITEVEN,,1780823030,717.74,4,1780823030,717.74,4,1,0.4765
233,1HZ100V,DIGITEVEN,,1780823031,717.74,4,1780823031,717.74,4,1,0.4765
234,1HZ100V,DIGITEVEN,,1780823032,717.66,6,1780823032,717.66,6,1,0.4765
235,1HZ100V,DIGITEVEN,,1780823033,717.5,0,1780823033,717.5,0,1,0.4765
236,1HZ100V,DIGITEVEN,,1780823034,717.32,2,1780823034,717.32,2,1,0.4765
237,1HZ100V,DIGITEVEN,,1780823035,717.27,7,1780823035,717.27,7,0,-0.5
238,1HZ100V,DIGITEVEN,,1780823036,717.24,4,1780823036,717.24,4,1,0.4765
239,1HZ100V,DIGITEVEN,,1780823037,717.02,2,1780823037,717.02,2,1,0.4765
240,1HZ100V,DIGITEVEN,,1780823038,717.08,8,1780823038,717.08,8,1,0.4765
241,1HZ100V,DIGITEVEN,,1780823039,717.15,5,1780823039,717.15,5,0,-0.5
242,1HZ100V,DIGITEVEN,,1780823040,717.18,8,1780823040,717.18,8,1,0.4765
243,1HZ100V,DIGITEVEN,,1780823041,717.36,6,1780823041,717.36,6,1,0.4765
244,1HZ100V,DIGITEVEN,,1780823042,717.16,6,1780823042,717.16,6,1,0.4765
245,1HZ100V,DIGITEVEN,,1780823043,717.03,3,1780823043,717.03,3,0,-0.5
246,1HZ100V,DIGITEVEN,,1780823044,717.09,9,1780823044,717.09,9,0,-0.5
247,1HZ100V,DIGITEVEN,,1780823045,717.23,3,1780823045,717.23,3,0,-0.5
248,1HZ100V,DIGITEVEN,,1780823046,717.41,1,1780823046,717.41,1,0,-0.5
249,1HZ100V,DIGITEVEN,,1780823047,717.48,8,1780823047,717.48,8,1,0.4765
250,1HZ100V,DIGITEVEN,,1780823048,717.28,8,1780823048,717.28,8,1,0.4765
251,1HZ100V,DIGITEVEN,,1780823049,717.48,8,1780823049,717.48,8,1,0.4765
252,1HZ100V,DIGITEVEN,,1780823050,717.45,5,1780823050,717.45,5,0,-0.5
253,1HZ100V,DIGITEVEN,,1780823051,717.72,2,1780823051,717.72,2,1,0.4765
254,1HZ100V,DIGITEVEN,,1780823052,717.61,1,1780823052,717.61,1,0,-0.5
255,1HZ100V,DIGITEVEN,,1780823053,717.46,6,1780823053,717.46,6,1,0.4765
256,1HZ100V,DIGITEVEN,,1780823054,717.23,3,1780823054,717.23,3,0,-0.5
257,1HZ100V,DIGITEVEN,,1780823055,717.22,2,1780823055,717.22,2,1,0.4765
258,1HZ100V,DIGITEVEN,,1780823056,717.11,1,1780823056,717.11,1,0,-0.5
259,1HZ100V,DIGITEVEN,,1780823057,717.12,2,1780823057,717.12,2,1,0.4765
260,1HZ100V,DIGITEVEN,,1780823058,717.05,5,1780823058,717.05,5,0,-0.5
261,1HZ100V,DIGITEVEN,,1780823059,716.94,4,1780823059,716.94,4,1,0.4765
262,1HZ100V,DIGITEVEN,,1780823060,717.05,5,1780823060,717.05,5,0,-0.5
263,1HZ100V,DIGITEVEN,,1780823061,717.17,7,1780823061,717.17,7,0,-0.5
264,1HZ100V,DIGITEVEN,,1780823062,717.32,2,1780823062,717.32,2,1,0.4765
265,1HZ100V,DIGITEVEN,,1780823063,717.26,6,1780823063,717.26,6,1,0.4765
266,1HZ100V,DIGITEVEN,,1780823065,717.11,1,1780823065,717.11,1,0,-0.5
267,1HZ100V,DIGITEVEN,,1780823066,716.94,4,1780823066,716.94,4,1,0.4765
268,1HZ100V,DIGITEVEN,,1780823067,716.99,9,1780823067,716.99,9,0,-0.5
269,1HZ100V,DIGITEVEN,,1780823068,716.96,6,1780823068,716.96,6,1,0.4765
270,1HZ100V,DIGITEVEN,,1780823069,717.01,1,1780823069,717.01,1,0,-0.5
271,1HZ100V,DIGITEVEN,,1780823070,717.03,3,1780823070,717.03,3,0,-0.5
272,1HZ100V,DIGITEVEN,,1780823071,716.99,9,1780823071,716.99,9,0,-0.5
273,1HZ100V,DIGITEVEN,,1780823072,717.05,5,1780823072,717.05,5,0,-0.5
274,1HZ100V,DIGITEVEN,,1780823073,717.04,4,1780823073,717.04,4,1,0.4765
275,1HZ100V,DIGITEVEN,,1780823074,717.02,2,1780823074,717.02,2,1,0.4765
276,1HZ100V,DIGITEVEN,,1780823075,717.21,1,1780823075,717.21,1,0,-0.5
277,1HZ100V,DIGITEVEN,,1780823076,717.27,7,1780823076,717.27,7,0,-0.5
278,1HZ100V,DIGITEVEN,,1780823077,717.32,2,1780823077,717.32,2,1,0.4765
279,1HZ100V,DIGITEVEN,,1780823078,717.26,6,1780823078,717.26,6,1,0.4765
280,1HZ100V,DIGITEVEN,,1780823079,717.27,7,1780823079,717.27,7,0,-0.5
281,1HZ100V,DIGITEVEN,,1780823080,717.12,2,1780823080,717.12,2,1,0.4765
282,1HZ100V,DIGITEVEN,,1780823081,717.12,2,1780823081,717.12,2,1,0.4765
283,1HZ100V,DIGITEVEN,,1780823082,717.09,9,1780823082,717.09,9,0,-0.5
284,1HZ100V,DIGITEVEN,,1780823083,716.86,6,1780823083,716.86,6,1,0.4765
285,1HZ100V,DIGITEVEN,,1780823084,716.92,2,1780823084,716.92,2,1,0.4765
286,1HZ100V,DIGITEVEN,,1780823085,716.92,2,1780823085,716.92,2,1,0.4765
287,1HZ100V,DIGITEVEN,,1780823086,717.01,1,1780823086,717.01,1,0,-0.5
288,1HZ100V,DIGITEVEN,,1780823087,717.3,0,1780823087,717.3,0,1,0.4765
289,1HZ100V,DIGITEVEN,,1780823088,717.2,0,1780823088,717.2,0,1,0.4765
290,1HZ100V,DIGITEVEN,,1780823089,716.99,9,1780823089,716.99,9,0,-0.5
291,1HZ100V,DIGITEVEN,,1780823090,717.06,6,1780823090,717.06,6,1,0.4765
292,1HZ100V,DIGITEVEN,,1780823091,716.87,7,1780823091,716.87,7,0,-0.5
293,1HZ100V,DIGITEVEN,,1780823092,717.27,7,1780823092,717.27,7,0,-0.5
294,1HZ100V,DIGITEVEN,,1780823093,717.44,4,1780823093,717.44,4,1,0.4765
295,1HZ100V,DIGITEVEN,,1780823094,717.72,2,1780823094,717.72,2,1,0.4765
296,1HZ100V,DIGITEVEN,,1780823095,717.63,3,1780823095,717.63,3,0,-0.5
297,1HZ100V,DIGITEVEN,,1780823096,717.57,7,1780823096,717.57,7,0,-0.5
298,1HZ100V,DIGITEVEN,,1780823097,717.49,9,1780823097,717.49,9,0,-0.5
299,1HZ100V,DIGITEVEN,,1780823098,717.45,5,1780823098,717.45,5,0,-0.5
